-- MySQL dump 10.13  Distrib 8.0.43, for Win64 (x86_64)
--
-- Host: localhost    Database: gushi_waimai
-- ------------------------------------------------------
-- Server version	8.0.43

/*!40101 SET @OLD_CHARACTER_SET_CLIENT=@@CHARACTER_SET_CLIENT */;
/*!40101 SET @OLD_CHARACTER_SET_RESULTS=@@CHARACTER_SET_RESULTS */;
/*!40101 SET @OLD_COLLATION_CONNECTION=@@COLLATION_CONNECTION */;
/*!50503 SET NAMES utf8mb4 */;
/*!40103 SET @OLD_TIME_ZONE=@@TIME_ZONE */;
/*!40103 SET TIME_ZONE='+00:00' */;
/*!40014 SET @OLD_UNIQUE_CHECKS=@@UNIQUE_CHECKS, UNIQUE_CHECKS=0 */;
/*!40014 SET @OLD_FOREIGN_KEY_CHECKS=@@FOREIGN_KEY_CHECKS, FOREIGN_KEY_CHECKS=0 */;
/*!40101 SET @OLD_SQL_MODE=@@SQL_MODE, SQL_MODE='NO_AUTO_VALUE_ON_ZERO' */;
/*!40111 SET @OLD_SQL_NOTES=@@SQL_NOTES, SQL_NOTES=0 */;

--
-- Table structure for table `addresses`
--

DROP TABLE IF EXISTS `addresses`;
/*!40101 SET @saved_cs_client     = @@character_set_client */;
/*!50503 SET character_set_client = utf8mb4 */;
CREATE TABLE `addresses` (
  `id` int NOT NULL AUTO_INCREMENT,
  `user_id` int NOT NULL COMMENT '用户ID',
  `name` varchar(50) COLLATE utf8mb4_unicode_ci NOT NULL COMMENT '收货人姓名',
  `phone` varchar(11) COLLATE utf8mb4_unicode_ci NOT NULL COMMENT '联系电话',
  `address` varchar(200) COLLATE utf8mb4_unicode_ci NOT NULL COMMENT '详细地址',
  `is_default` int DEFAULT NULL COMMENT '是否默认地址 1=是 0=否',
  `created_at` datetime DEFAULT (now()) COMMENT '创建时间',
  PRIMARY KEY (`id`)
) ENGINE=InnoDB AUTO_INCREMENT=4 DEFAULT CHARSET=utf8mb4 COLLATE=utf8mb4_unicode_ci;
/*!40101 SET character_set_client = @saved_cs_client */;

--
-- Dumping data for table `addresses`
--

LOCK TABLES `addresses` WRITE;
/*!40000 ALTER TABLE `addresses` DISABLE KEYS */;
INSERT INTO `addresses` VALUES (1,4,'陈','16637635489','北街2号',1,'2026-03-06 10:53:55'),(2,4,'利库','18854981235','下坡2号',0,'2026-03-06 10:54:22'),(3,6,'陈','16653333665','我',1,'2026-03-06 19:54:55');
/*!40000 ALTER TABLE `addresses` ENABLE KEYS */;
UNLOCK TABLES;

--
-- Table structure for table `cart_items`
--

DROP TABLE IF EXISTS `cart_items`;
/*!40101 SET @saved_cs_client     = @@character_set_client */;
/*!50503 SET character_set_client = utf8mb4 */;
CREATE TABLE `cart_items` (
  `id` int NOT NULL AUTO_INCREMENT,
  `user_id` int NOT NULL COMMENT '用户ID',
  `food_id` int NOT NULL COMMENT '商品ID',
  `food_name` varchar(100) COLLATE utf8mb4_unicode_ci NOT NULL COMMENT '商品名称',
  `price` float NOT NULL COMMENT '单价',
  `quantity` int DEFAULT NULL COMMENT '数量',
  PRIMARY KEY (`id`)
) ENGINE=InnoDB AUTO_INCREMENT=13 DEFAULT CHARSET=utf8mb4 COLLATE=utf8mb4_unicode_ci;
/*!40101 SET character_set_client = @saved_cs_client */;

--
-- Dumping data for table `cart_items`
--

LOCK TABLES `cart_items` WRITE;
/*!40000 ALTER TABLE `cart_items` DISABLE KEYS */;
/*!40000 ALTER TABLE `cart_items` ENABLE KEYS */;
UNLOCK TABLES;

--
-- Table structure for table `errands`
--

DROP TABLE IF EXISTS `errands`;
/*!40101 SET @saved_cs_client     = @@character_set_client */;
/*!50503 SET character_set_client = utf8mb4 */;
CREATE TABLE `errands` (
  `id` int NOT NULL AUTO_INCREMENT,
  `errand_id` varchar(30) COLLATE utf8mb4_unicode_ci NOT NULL COMMENT '跑腿订单号',
  `user_id` int NOT NULL COMMENT '发布用户ID',
  `pickup_address` varchar(200) COLLATE utf8mb4_unicode_ci NOT NULL COMMENT '取件地址',
  `delivery_address` varchar(200) COLLATE utf8mb4_unicode_ci NOT NULL COMMENT '收件地址',
  `item_type` varchar(50) COLLATE utf8mb4_unicode_ci NOT NULL COMMENT '物品类型',
  `expected_time` varchar(50) COLLATE utf8mb4_unicode_ci NOT NULL COMMENT '期望送达时间',
  `reward` float NOT NULL COMMENT '悬赏金额',
  `status` varchar(20) COLLATE utf8mb4_unicode_ci DEFAULT NULL COMMENT '状态',
  `rider_id` int DEFAULT NULL COMMENT '骑手ID',
  `created_at` datetime DEFAULT (now()) COMMENT '创建时间',
  PRIMARY KEY (`id`),
  UNIQUE KEY `errand_id` (`errand_id`)
) ENGINE=InnoDB DEFAULT CHARSET=utf8mb4 COLLATE=utf8mb4_unicode_ci;
/*!40101 SET character_set_client = @saved_cs_client */;

--
-- Dumping data for table `errands`
--

LOCK TABLES `errands` WRITE;
/*!40000 ALTER TABLE `errands` DISABLE KEYS */;
/*!40000 ALTER TABLE `errands` ENABLE KEYS */;
UNLOCK TABLES;

--
-- Table structure for table `foods`
--

DROP TABLE IF EXISTS `foods`;
/*!40101 SET @saved_cs_client     = @@character_set_client */;
/*!50503 SET character_set_client = utf8mb4 */;
CREATE TABLE `foods` (
  `id` int NOT NULL AUTO_INCREMENT,
  `name` varchar(100) COLLATE utf8mb4_unicode_ci NOT NULL COMMENT '商品名称',
  `price` float NOT NULL COMMENT '价格',
  `category` varchar(50) COLLATE utf8mb4_unicode_ci NOT NULL COMMENT '分类',
  `stock` int DEFAULT NULL COMMENT '库存',
  `monthly_sales` int DEFAULT NULL COMMENT '月销量',
  `shop_id` int DEFAULT NULL COMMENT '商家用户ID',
  `description` varchar(200) COLLATE utf8mb4_unicode_ci DEFAULT NULL COMMENT '商品描述',
  PRIMARY KEY (`id`)
) ENGINE=InnoDB AUTO_INCREMENT=11 DEFAULT CHARSET=utf8mb4 COLLATE=utf8mb4_unicode_ci;
/*!40101 SET character_set_client = @saved_cs_client */;

--
-- Dumping data for table `foods`
--

LOCK TABLES `foods` WRITE;
/*!40000 ALTER TABLE `foods` DISABLE KEYS */;
INSERT INTO `foods` VALUES (1,'黄焖鸡米饭',18.8,'名吃快餐',99,523,0,'鲜嫩鸡肉配秘制酱料'),(2,'珍珠奶茶',8.8,'奶茶饮品',50,892,0,'Q弹珍珠+醇香奶茶'),(3,'牛肉拉面',15,'名吃快餐',80,341,0,'手工拉面配大块牛肉'),(4,'香辣鸡腿堡',16.9,'汉堡炸鸡',60,456,0,'外酥里嫩的炸鸡腿堡'),(5,'烤羊肉串(10串)',25,'烧烤',40,278,0,'炭火烤制，香气四溢'),(6,'豆浆油条套餐',6.5,'早餐',100,667,0,'现磨豆浆+现炸油条'),(7,'红烧排骨饭',22,'中餐餐厅',45,189,0,'大厨秘制红烧排骨'),(8,'草莓奶油蛋糕',58,'蛋糕鲜花',20,95,0,'新鲜草莓+动物奶油'),(9,'手机贴膜',15,'手机数码',200,1023,0,'高清钢化膜，上门服务'),(10,'空调清洗',80,'家电维修',30,56,0,'专业拆洗，杀菌消毒');
/*!40000 ALTER TABLE `foods` ENABLE KEYS */;
UNLOCK TABLES;

--
-- Table structure for table `merchants`
--

DROP TABLE IF EXISTS `merchants`;
/*!40101 SET @saved_cs_client     = @@character_set_client */;
/*!50503 SET character_set_client = utf8mb4 */;
CREATE TABLE `merchants` (
  `id` int NOT NULL AUTO_INCREMENT,
  `user_id` int NOT NULL COMMENT '关联用户 ID',
  `name` varchar(100) COLLATE utf8mb4_unicode_ci NOT NULL COMMENT '店铺名称',
  `description` text COLLATE utf8mb4_unicode_ci COMMENT '店铺描述',
  `logo` varchar(255) COLLATE utf8mb4_unicode_ci DEFAULT NULL COMMENT '店铺 Logo URL',
  `cover` varchar(255) COLLATE utf8mb4_unicode_ci DEFAULT NULL COMMENT '店铺封面 URL',
  `phone` varchar(20) COLLATE utf8mb4_unicode_ci DEFAULT NULL COMMENT '联系电话',
  `address` varchar(255) COLLATE utf8mb4_unicode_ci DEFAULT NULL COMMENT '店铺地址',
  `latitude` decimal(10,8) DEFAULT NULL COMMENT '纬度',
  `longitude` decimal(11,8) DEFAULT NULL COMMENT '经度',
  `delivery_radius` float DEFAULT '5' COMMENT '配送半径（公里）',
  `min_price` decimal(10,2) DEFAULT '0.00' COMMENT '起送价',
  `delivery_fee` decimal(10,2) DEFAULT '0.00' COMMENT '配送费',
  `status` int DEFAULT '1' COMMENT '营业状态：0-休息，1-营业',
  `audit_status` int DEFAULT '0' COMMENT '审核状态：0-待审核，1-已通过，2-已拒绝',
  `balance` decimal(10,2) DEFAULT '0.00' COMMENT '可提现余额',
  `withdrawn_amount` decimal(10,2) DEFAULT '0.00' COMMENT '累计已提现金额',
  `total_income` decimal(10,2) DEFAULT '0.00' COMMENT '累计收入',
  `created_at` datetime NOT NULL DEFAULT CURRENT_TIMESTAMP,
  `updated_at` datetime NOT NULL DEFAULT CURRENT_TIMESTAMP ON UPDATE CURRENT_TIMESTAMP,
  PRIMARY KEY (`id`),
  KEY `idx_user_id` (`user_id`),
  KEY `idx_status` (`status`),
  KEY `merchants_user_id` (`user_id`),
  KEY `merchants_status` (`status`)
) ENGINE=InnoDB AUTO_INCREMENT=4 DEFAULT CHARSET=utf8mb4 COLLATE=utf8mb4_unicode_ci COMMENT='商家表';
/*!40101 SET character_set_client = @saved_cs_client */;

--
-- Dumping data for table `merchants`
--

LOCK TABLES `merchants` WRITE;
/*!40000 ALTER TABLE `merchants` DISABLE KEYS */;
INSERT INTO `merchants` VALUES (1,5,'联调测试商家',NULL,NULL,NULL,'13800009999','河南省信阳市固始县中山大街',32.16775000,115.40668000,5,0.00,0.00,1,1,0.00,0.00,0.00,'2026-03-24 19:09:40','2026-03-24 19:09:40'),(2,7,'固始测试店铺(导航联调)',NULL,NULL,NULL,'13800138000','河南省信阳市固始县陈淋子镇XX路',32.18123400,115.68112300,5,0.00,0.00,1,1,0.00,0.00,0.00,'2026-03-26 19:28:30','2026-03-26 22:11:16'),(3,8,'沙县小吃（固始店）',NULL,NULL,NULL,'13800000000','固始县秀水街道',32.18000000,115.68000000,5,0.00,0.00,1,0,0.00,0.00,0.00,'2026-03-28 19:33:53','2026-03-28 19:33:53');
/*!40000 ALTER TABLE `merchants` ENABLE KEYS */;
UNLOCK TABLES;

--
-- Table structure for table `order_logs`
--

DROP TABLE IF EXISTS `order_logs`;
/*!40101 SET @saved_cs_client     = @@character_set_client */;
/*!50503 SET character_set_client = utf8mb4 */;
CREATE TABLE `order_logs` (
  `id` int NOT NULL AUTO_INCREMENT,
  `order_id` int NOT NULL COMMENT '订单 ID',
  `operator_id` int DEFAULT NULL COMMENT '操作人 ID',
  `operator_type` enum('user','merchant','rider','system') COLLATE utf8mb4_unicode_ci DEFAULT NULL COMMENT '操作人类型',
  `action` varchar(50) COLLATE utf8mb4_unicode_ci NOT NULL COMMENT '操作行为',
  `from_status` int DEFAULT NULL COMMENT '原状态',
  `to_status` int DEFAULT NULL COMMENT '新状态',
  `remark` varchar(255) COLLATE utf8mb4_unicode_ci DEFAULT NULL COMMENT '备注',
  `created_at` datetime NOT NULL,
  `updated_at` datetime NOT NULL,
  PRIMARY KEY (`id`),
  KEY `idx_order_id` (`order_id`),
  CONSTRAINT `fk_order_logs_order_id` FOREIGN KEY (`order_id`) REFERENCES `orders` (`id`) ON DELETE CASCADE ON UPDATE CASCADE
) ENGINE=InnoDB AUTO_INCREMENT=21 DEFAULT CHARSET=utf8mb4 COLLATE=utf8mb4_unicode_ci COMMENT='订单状态日志表';
/*!40101 SET character_set_client = @saved_cs_client */;

--
-- Dumping data for table `order_logs`
--

LOCK TABLES `order_logs` WRITE;
/*!40000 ALTER TABLE `order_logs` DISABLE KEYS */;
INSERT INTO `order_logs` VALUES (1,110,7,'merchant','接单',0,2,'商家已接单','2026-03-27 15:31:42','2026-03-27 15:31:42'),(2,112,7,'merchant','接单',0,2,'商家已接单','2026-03-27 15:32:53','2026-03-27 15:32:53'),(3,114,7,'merchant','接单',0,2,'商家已接单','2026-03-27 15:57:07','2026-03-27 15:57:07'),(4,116,7,'merchant','接单',0,2,'商家已接单','2026-03-27 16:00:22','2026-03-27 16:00:22'),(5,118,7,'merchant','接单',0,2,'商家已接单','2026-03-27 16:10:54','2026-03-27 16:10:54'),(6,121,7,'merchant','接单',0,2,'商家已接单','2026-03-27 16:47:42','2026-03-27 16:47:42'),(7,123,7,'merchant','接单',0,2,'商家已接单','2026-03-27 17:13:00','2026-03-27 17:13:00'),(8,125,7,'merchant','接单',0,2,'商家已接单','2026-03-27 17:44:09','2026-03-27 17:44:09'),(9,128,7,'merchant','接单',0,2,'商家已接单','2026-03-27 17:49:20','2026-03-27 17:49:20'),(10,130,7,'merchant','接单',0,2,'商家已接单','2026-03-27 17:57:02','2026-03-27 17:57:02'),(11,134,7,'merchant','接单',0,2,'商家已接单','2026-03-27 18:53:56','2026-03-27 18:53:56'),(12,136,7,'merchant','接单',0,2,'商家已接单','2026-03-27 19:03:13','2026-03-27 19:03:13'),(13,138,7,'merchant','接单',0,2,'商家已接单','2026-03-27 19:10:48','2026-03-27 19:10:48'),(14,140,7,'merchant','接单',0,2,'商家已接单','2026-03-27 19:41:57','2026-03-27 19:41:57'),(15,142,7,'merchant','接单',0,2,'商家已接单','2026-03-27 19:49:37','2026-03-27 19:49:37'),(16,143,7,'merchant','接单',0,2,'商家已接单','2026-03-27 19:54:34','2026-03-27 19:54:34'),(17,146,7,'merchant','接单',0,2,'商家已接单','2026-03-27 20:03:09','2026-03-27 20:03:09'),(18,152,7,'merchant','接单',0,2,'商家已接单','2026-03-28 12:33:12','2026-03-28 12:33:12'),(19,154,7,'merchant','接单',0,2,'商家已接单','2026-03-28 13:24:32','2026-03-28 13:24:32'),(20,156,7,'merchant','接单',0,2,'商家已接单','2026-03-28 13:34:53','2026-03-28 13:34:53');
/*!40000 ALTER TABLE `order_logs` ENABLE KEYS */;
UNLOCK TABLES;

--
-- Table structure for table `orders`
--

DROP TABLE IF EXISTS `orders`;
/*!40101 SET @saved_cs_client     = @@character_set_client */;
/*!50503 SET character_set_client = utf8mb4 */;
CREATE TABLE `orders` (
  `id` int NOT NULL AUTO_INCREMENT,
  `order_no` varchar(32) COLLATE utf8mb4_unicode_ci DEFAULT NULL COMMENT '订单号',
  `order_id` varchar(30) COLLATE utf8mb4_unicode_ci NOT NULL COMMENT '订单号',
  `user_id` int NOT NULL COMMENT '下单用户ID',
  `merchant_id` int NOT NULL DEFAULT '0' COMMENT '商家 ID',
  `user_nickname` varchar(50) COLLATE utf8mb4_unicode_ci DEFAULT NULL COMMENT '用户昵称',
  `items_json` text COLLATE utf8mb4_unicode_ci NOT NULL COMMENT '商品列表JSON',
  `products_info` text COLLATE utf8mb4_unicode_ci COMMENT '商品信息（JSON）',
  `total_price` float NOT NULL COMMENT '总价',
  `total_amount` decimal(10,2) NOT NULL DEFAULT '0.00' COMMENT '订单总金额',
  `delivery_fee` decimal(10,2) DEFAULT '0.00' COMMENT '配送费',
  `package_fee` decimal(10,2) DEFAULT '0.00' COMMENT '打包费',
  `discount_amount` decimal(10,2) DEFAULT '0.00' COMMENT '优惠金额',
  `pay_amount` decimal(10,2) NOT NULL DEFAULT '0.00' COMMENT '实付金额',
  `rider_fee` decimal(10,2) DEFAULT '0.00' COMMENT '骑手费用',
  `delivery_type` int DEFAULT '1' COMMENT '配送方式：1-配送，2-自取',
  `address` varchar(200) COLLATE utf8mb4_unicode_ci NOT NULL COMMENT '收货地址',
  `delivery_address` text COLLATE utf8mb4_unicode_ci COMMENT '配送地址',
  `delivery_latitude` decimal(10,8) DEFAULT NULL COMMENT '配送地址纬度',
  `delivery_longitude` decimal(11,8) DEFAULT NULL COMMENT '配送地址经度',
  `errand_type` varchar(50) COLLATE utf8mb4_unicode_ci DEFAULT NULL COMMENT '跑腿类型',
  `errand_description` text COLLATE utf8mb4_unicode_ci COMMENT '跑腿需求描述',
  `contact_phone` varchar(11) COLLATE utf8mb4_unicode_ci NOT NULL COMMENT '联系电话',
  `contact_name` varchar(50) COLLATE utf8mb4_unicode_ci DEFAULT NULL COMMENT '联系人',
  `remark` varchar(200) COLLATE utf8mb4_unicode_ci DEFAULT NULL COMMENT '备注',
  `cancel_reason` varchar(255) COLLATE utf8mb4_unicode_ci DEFAULT NULL COMMENT '取消原因',
  `status` varchar(20) COLLATE utf8mb4_unicode_ci DEFAULT NULL COMMENT '订单状态',
  `rider_id` int DEFAULT NULL COMMENT '骑手ID',
  `type` enum('takeout','errand') COLLATE utf8mb4_unicode_ci NOT NULL DEFAULT 'takeout' COMMENT '订单类型',
  `order_type` enum('county','town') COLLATE utf8mb4_unicode_ci DEFAULT 'county' COMMENT '外卖业务类型',
  `customer_town` varchar(50) COLLATE utf8mb4_unicode_ci DEFAULT NULL COMMENT '客户所在乡镇',
  `dispatch_center_status` varchar(20) COLLATE utf8mb4_unicode_ci DEFAULT NULL COMMENT '调度中心状态',
  `dispatch_center_order_id` varchar(64) COLLATE utf8mb4_unicode_ci DEFAULT NULL COMMENT '调度中心订单ID',
  `dispatch_sent_at` datetime DEFAULT NULL COMMENT '推送调度中心时间',
  `created_at` datetime DEFAULT (now()) COMMENT '创建时间',
  `paid_at` datetime DEFAULT NULL COMMENT '支付时间',
  `payment_channel` varchar(20) COLLATE utf8mb4_unicode_ci DEFAULT NULL COMMENT '支付渠道',
  `commission_amount` decimal(10,2) DEFAULT '0.00' COMMENT '平台抽成金额',
  `rider_incentive_amount` decimal(10,2) DEFAULT '0.00' COMMENT '骑手激励金额',
  `platform_income_amount` decimal(10,2) DEFAULT '0.00' COMMENT '平台收入',
  `merchant_income_amount` decimal(10,2) DEFAULT '0.00' COMMENT '商家收入',
  `settled_at` datetime DEFAULT NULL COMMENT '结算入账时间',
  `accepted_at` datetime DEFAULT NULL COMMENT '接单时间',
  `delivered_at` datetime DEFAULT NULL COMMENT '送达时间',
  `merchant_lng` decimal(11,8) DEFAULT NULL COMMENT '商家经度',
  `merchant_lat` decimal(10,8) DEFAULT NULL COMMENT '商家纬度',
  `customer_lng` decimal(11,8) DEFAULT NULL COMMENT '客户经度',
  `customer_lat` decimal(10,8) DEFAULT NULL COMMENT '客户纬度',
  PRIMARY KEY (`id`),
  UNIQUE KEY `order_id` (`order_id`),
  UNIQUE KEY `orders_order_no` (`order_no`),
  KEY `orders_user_id` (`user_id`),
  KEY `orders_merchant_id` (`merchant_id`),
  KEY `orders_rider_id` (`rider_id`),
  KEY `orders_status` (`status`),
  KEY `orders_type` (`type`)
) ENGINE=InnoDB AUTO_INCREMENT=158 DEFAULT CHARSET=utf8mb4 COLLATE=utf8mb4_unicode_ci;
/*!40101 SET character_set_client = @saved_cs_client */;

--
-- Dumping data for table `orders`
--

LOCK TABLES `orders` WRITE;
/*!40000 ALTER TABLE `orders` DISABLE KEYS */;
INSERT INTO `orders` VALUES (1,'TMP_1','GS202603061034052',2,0,'mysql_test','[{\"商品ID\": 1, \"商品名称\": \"黄焖鸡米饭\", \"价格\": 18.8, \"数量\": 2}]',NULL,37.6,0.00,0.00,0.00,0.00,0.00,0.00,1,'gushi county test',NULL,NULL,NULL,NULL,NULL,'13800001111',NULL,'db test',NULL,'配送中',5,'takeout','county',NULL,NULL,NULL,NULL,'2026-03-06 10:34:05',NULL,NULL,0.00,0.00,0.00,0.00,NULL,NULL,NULL,NULL,NULL,NULL,NULL),(2,'TMP_2','GS202603061036413',3,0,'哈哈','[{\"商品ID\": 1, \"商品名称\": \"黄焖鸡米饭\", \"价格\": 18.8, \"数量\": 1}, {\"商品ID\": 2, \"商品名称\": \"珍珠奶茶\", \"价格\": 8.8, \"数量\": 1}, {\"商品ID\": 3, \"商品名称\": \"牛肉拉面\", \"价格\": 15.0, \"数量\": 1}, {\"商品ID\": 6, \"商品名称\": \"豆浆油条套餐\", \"价格\": 6.5, \"数量\": 5}, {\"商品ID\": 7, \"商品名称\": \"红烧排骨饭\", \"价格\": 22.0, \"数量\": 1}]',NULL,97.1,0.00,0.00,0.00,0.00,0.00,0.00,1,'信阳市',NULL,NULL,NULL,NULL,NULL,'19903765957',NULL,'别',NULL,'备餐中',NULL,'takeout','county',NULL,NULL,NULL,NULL,'2026-03-06 10:36:41',NULL,NULL,0.00,0.00,0.00,0.00,NULL,NULL,NULL,NULL,NULL,NULL,NULL),(3,'TMP_3','GS202603061342114',4,0,'哈哈','[{\"商品ID\": 8, \"商品名称\": \"草莓奶油蛋糕\", \"价格\": 58.0, \"数量\": 8}]',NULL,464,0.00,0.00,0.00,0.00,0.00,0.00,1,'北街2号',NULL,NULL,NULL,NULL,NULL,'16637635489',NULL,'',NULL,'备餐中',NULL,'takeout','county',NULL,NULL,NULL,NULL,'2026-03-06 13:42:11',NULL,NULL,0.00,0.00,0.00,0.00,NULL,NULL,NULL,NULL,NULL,NULL,NULL),(4,'TMP_4','GS202603061955016',6,0,'22','[{\"商品ID\": 6, \"商品名称\": \"豆浆油条套餐\", \"价格\": 6.5, \"数量\": 10}, {\"商品ID\": 4, \"商品名称\": \"香辣鸡腿堡\", \"价格\": 16.9, \"数量\": 9}, {\"商品ID\": 5, \"商品名称\": \"烤羊肉串(10串)\", \"价格\": 25.0, \"数量\": 10}]',NULL,467.1,0.00,0.00,0.00,0.00,0.00,0.00,1,'我',NULL,NULL,NULL,NULL,NULL,'16653333665',NULL,'',NULL,'备餐中',NULL,'takeout','county',NULL,NULL,NULL,NULL,'2026-03-06 19:55:01',NULL,NULL,0.00,0.00,0.00,0.00,NULL,NULL,NULL,NULL,NULL,NULL,NULL),(5,'TMP_5','GS202603070859014',4,0,'哈哈','[{\"商品ID\": 1, \"商品名称\": \"黄焖鸡米饭\", \"价格\": 18.8, \"数量\": 1}]',NULL,18.8,0.00,0.00,0.00,0.00,0.00,0.00,1,'北街2号',NULL,NULL,NULL,NULL,NULL,'16637635489',NULL,'',NULL,'已取消',NULL,'takeout','county',NULL,NULL,NULL,NULL,'2026-03-07 08:59:01',NULL,NULL,0.00,0.00,0.00,0.00,NULL,NULL,NULL,NULL,NULL,NULL,NULL),(6,'NO202603241911309877','ORD202603241911300852',5,1,'联调用户','[{\"id\": 1, \"name\": \"联调测试餐品\", \"price\": 18.5, \"quantity\": 1}]','[{\"id\": 1, \"name\": \"联调测试餐品\", \"price\": 18.5, \"quantity\": 1}]',18.5,18.50,3.00,1.00,0.00,22.50,5.00,1,'河南省信阳市固始县蓼城大道测试收货点','{\"city\": \"信阳市\", \"detail\": \"蓼城大道测试收货点\", \"district\": \"固始县\", \"province\": \"河南省\"}',32.18062000,115.66752000,NULL,NULL,'13800000001','联调骑手','地图联调测试单',NULL,'5',5,'takeout','county',NULL,NULL,NULL,NULL,'2026-03-24 19:11:30',NULL,NULL,0.00,0.00,0.00,0.00,NULL,'2026-03-24 19:11:30',NULL,NULL,NULL,NULL,NULL),(7,'NO202603241914124511','ORD202603241914126828',5,1,'联调用户','[{\"id\": 1, \"name\": \"联调测试餐品\", \"price\": 18.5, \"quantity\": 1}]','[{\"id\": 1, \"name\": \"联调测试餐品\", \"price\": 18.5, \"quantity\": 1}]',18.5,18.50,3.00,1.00,0.00,22.50,5.00,1,'河南省信阳市固始县蓼城大道测试收货点','{\"city\": \"信阳市\", \"detail\": \"蓼城大道测试收货点\", \"district\": \"固始县\", \"province\": \"河南省\"}',32.18062000,115.66752000,NULL,NULL,'13800000001','联调骑手','地图联调测试单',NULL,'5',5,'takeout','county',NULL,NULL,NULL,NULL,'2026-03-24 19:14:12',NULL,NULL,0.00,0.00,0.00,0.00,NULL,'2026-03-24 19:14:12',NULL,NULL,NULL,NULL,NULL),(8,'NO202603241918066826','ORD202603241918062072',5,1,'联调用户','[{\"id\": 1, \"name\": \"联调测试餐品\", \"price\": 18.5, \"quantity\": 1}]','[{\"id\": 1, \"name\": \"联调测试餐品\", \"price\": 18.5, \"quantity\": 1}]',18.5,18.50,3.00,1.00,0.00,22.50,5.00,1,'河南省信阳市固始县蓼城大道测试收货点','{\"city\": \"信阳市\", \"detail\": \"蓼城大道测试收货点\", \"district\": \"固始县\", \"province\": \"河南省\"}',32.18062000,115.66752000,NULL,NULL,'13800000001','联调骑手','地图联调测试单',NULL,'5',5,'takeout','county',NULL,NULL,NULL,NULL,'2026-03-24 19:18:06',NULL,NULL,0.00,0.00,0.00,0.00,NULL,'2026-03-24 19:18:06',NULL,NULL,NULL,NULL,NULL),(9,'NO202603241918079098','ORD202603241918077915',5,1,'联调用户','[{\"id\": 1, \"name\": \"联调测试餐品\", \"price\": 18.5, \"quantity\": 1}]','[{\"id\": 1, \"name\": \"联调测试餐品\", \"price\": 18.5, \"quantity\": 1}]',18.5,18.50,3.00,1.00,0.00,22.50,5.00,1,'河南省信阳市固始县蓼城大道测试收货点','{\"city\": \"信阳市\", \"detail\": \"蓼城大道测试收货点\", \"district\": \"固始县\", \"province\": \"河南省\"}',32.18062000,115.66752000,NULL,NULL,'13800000001','联调骑手','地图联调测试单',NULL,'5',5,'takeout','county',NULL,NULL,NULL,NULL,'2026-03-24 19:18:07',NULL,NULL,0.00,0.00,0.00,0.00,NULL,'2026-03-24 19:18:07',NULL,NULL,NULL,NULL,NULL),(10,'NO202603241918071432','ORD202603241918071745',5,1,'联调用户','[{\"id\": 1, \"name\": \"联调测试餐品\", \"price\": 18.5, \"quantity\": 1}]','[{\"id\": 1, \"name\": \"联调测试餐品\", \"price\": 18.5, \"quantity\": 1}]',18.5,18.50,3.00,1.00,0.00,22.50,5.00,1,'河南省信阳市固始县蓼城大道测试收货点','{\"city\": \"信阳市\", \"detail\": \"蓼城大道测试收货点\", \"district\": \"固始县\", \"province\": \"河南省\"}',32.18062000,115.66752000,NULL,NULL,'13800000001','联调骑手','地图联调测试单',NULL,'5',5,'takeout','county',NULL,NULL,NULL,NULL,'2026-03-24 19:18:07',NULL,NULL,0.00,0.00,0.00,0.00,NULL,'2026-03-24 19:18:07',NULL,NULL,NULL,NULL,NULL),(11,'17744419514992348','17744419514992348',3,1,NULL,'[]','[]',1,1.00,0.00,0.00,0.00,1.00,0.00,1,'固始县测试地址',NULL,NULL,NULL,NULL,NULL,'13700137000',NULL,NULL,NULL,'4',NULL,'takeout','county',NULL,NULL,NULL,NULL,'2026-03-25 20:32:31',NULL,NULL,0.00,0.00,0.00,0.00,NULL,NULL,NULL,115.68233000,32.18021000,115.65000000,32.15000000),(12,'17744428130346220','17744428130346220',3,1,NULL,'[]','[]',1,1.00,0.00,0.00,0.00,1.00,0.00,1,'固始县测试地址',NULL,NULL,NULL,NULL,NULL,'13700137000',NULL,NULL,NULL,'4',NULL,'takeout','county',NULL,NULL,NULL,NULL,'2026-03-25 20:46:53',NULL,NULL,0.00,0.00,0.00,0.00,NULL,NULL,NULL,115.68233000,32.18021000,115.65000000,32.15000000),(13,'17744435718429926','17744435718429926',3,1,NULL,'[]','[]',1,1.00,0.00,0.00,0.00,1.00,0.00,1,'固始县测试地址',NULL,NULL,NULL,NULL,NULL,'13700137000',NULL,NULL,NULL,'4',NULL,'takeout','county',NULL,NULL,NULL,NULL,'2026-03-25 20:59:31',NULL,NULL,0.00,0.00,0.00,0.00,NULL,NULL,NULL,115.68233000,32.18021000,115.65000000,32.15000000),(14,'17744442928383563','17744442928383563',3,1,NULL,'[]','[]',1,1.00,0.00,0.00,0.00,1.00,0.00,1,'固始县测试地址',NULL,NULL,NULL,NULL,NULL,'13700137000',NULL,NULL,NULL,'4',NULL,'takeout','county',NULL,NULL,NULL,NULL,'2026-03-25 21:11:32',NULL,NULL,0.00,0.00,0.00,0.00,NULL,NULL,NULL,115.68233000,32.18021000,115.65000000,32.15000000),(15,'17745268760025266','17745268760025266',5,2,NULL,'[{\"商品名\":\"测试固始鹅块\",\"单价\":20,\"数量\":1}]','[{\"商品名\":\"测试固始鹅块\",\"单价\":20,\"数量\":1}]',22.5,20.00,2.50,0.00,0.00,22.50,0.00,1,'测试地址','测试地址',32.17935400,115.68262200,NULL,NULL,'13800000000','测试用户','这是来自首页后门的一键测试订单',NULL,'1',NULL,'takeout','county','固始县',NULL,NULL,NULL,'2026-03-26 20:07:56',NULL,NULL,0.00,0.00,0.00,0.00,NULL,NULL,NULL,NULL,NULL,115.68262200,32.17935400),(16,'17745268767958446','17745268767958446',5,2,NULL,'[{\"商品名\":\"测试固始鹅块\",\"单价\":20,\"数量\":1}]','[{\"商品名\":\"测试固始鹅块\",\"单价\":20,\"数量\":1}]',22.5,20.00,2.50,0.00,0.00,22.50,0.00,1,'测试地址','测试地址',32.17935400,115.68262200,NULL,NULL,'13800000000','测试用户','这是来自首页后门的一键测试订单',NULL,'1',NULL,'takeout','county','固始县',NULL,NULL,NULL,'2026-03-26 20:07:56',NULL,NULL,0.00,0.00,0.00,0.00,NULL,NULL,NULL,NULL,NULL,115.68262200,32.17935400),(17,'17745268771278348','17745268771278348',5,2,NULL,'[{\"商品名\":\"测试固始鹅块\",\"单价\":20,\"数量\":1}]','[{\"商品名\":\"测试固始鹅块\",\"单价\":20,\"数量\":1}]',22.5,20.00,2.50,0.00,0.00,22.50,0.00,1,'测试地址','测试地址',32.17935400,115.68262200,NULL,NULL,'13800000000','测试用户','这是来自首页后门的一键测试订单',NULL,'1',NULL,'takeout','county','固始县',NULL,NULL,NULL,'2026-03-26 20:07:57',NULL,NULL,0.00,0.00,0.00,0.00,NULL,NULL,NULL,NULL,NULL,115.68262200,32.17935400),(18,'17745268806169393','17745268806169393',5,2,NULL,'[{\"商品名\":\"测试固始鹅块\",\"单价\":20,\"数量\":1}]','[{\"商品名\":\"测试固始鹅块\",\"单价\":20,\"数量\":1}]',22.5,20.00,2.50,0.00,0.00,22.50,0.00,1,'测试地址','测试地址',32.17935400,115.68262200,NULL,NULL,'13800000000','测试用户','这是来自首页后门的一键测试订单',NULL,'1',NULL,'takeout','county','固始县',NULL,NULL,NULL,'2026-03-26 20:08:00',NULL,NULL,0.00,0.00,0.00,0.00,NULL,NULL,NULL,NULL,NULL,115.68262200,32.17935400),(19,'17745268860653316','17745268860653316',5,2,NULL,'[{\"商品名\":\"测试固始鹅块\",\"单价\":20,\"数量\":1}]','[{\"商品名\":\"测试固始鹅块\",\"单价\":20,\"数量\":1}]',22.5,20.00,2.50,0.00,0.00,22.50,0.00,1,'测试地址','测试地址',32.17935400,115.68262200,NULL,NULL,'13800000000','测试用户','这是来自首页后门的一键测试订单',NULL,'1',NULL,'takeout','county','固始县',NULL,NULL,NULL,'2026-03-26 20:08:06',NULL,NULL,0.00,0.00,0.00,0.00,NULL,NULL,NULL,NULL,NULL,115.68262200,32.17935400),(20,'17745268873037572','17745268873037572',5,2,NULL,'[{\"商品名\":\"测试固始鹅块\",\"单价\":20,\"数量\":1}]','[{\"商品名\":\"测试固始鹅块\",\"单价\":20,\"数量\":1}]',22.5,20.00,2.50,0.00,0.00,22.50,0.00,1,'测试地址','测试地址',32.17935400,115.68262200,NULL,NULL,'13800000000','测试用户','这是来自首页后门的一键测试订单',NULL,'1',NULL,'takeout','county','固始县',NULL,NULL,NULL,'2026-03-26 20:08:07',NULL,NULL,0.00,0.00,0.00,0.00,NULL,NULL,NULL,NULL,NULL,115.68262200,32.17935400),(21,'17745275340645636','17745275340645636',5,2,NULL,'[{\"商品名\":\"测试固始鹅块\",\"单价\":20,\"数量\":1}]','[{\"商品名\":\"测试固始鹅块\",\"单价\":20,\"数量\":1}]',22.5,20.00,2.50,0.00,0.00,22.50,0.00,1,'测试地址','测试地址',32.17935400,115.68262200,NULL,NULL,'13800000000','测试用户','这是来自首页后门的一键测试订单',NULL,'1',NULL,'takeout','county','固始县',NULL,NULL,NULL,'2026-03-26 20:18:54',NULL,NULL,0.00,0.00,0.00,0.00,NULL,NULL,NULL,NULL,NULL,115.68262200,32.17935400),(22,'17745275357372097','17745275357372097',5,2,NULL,'[{\"商品名\":\"测试固始鹅块\",\"单价\":20,\"数量\":1}]','[{\"商品名\":\"测试固始鹅块\",\"单价\":20,\"数量\":1}]',22.5,20.00,2.50,0.00,0.00,22.50,0.00,1,'测试地址','测试地址',32.17935400,115.68262200,NULL,NULL,'13800000000','测试用户','这是来自首页后门的一键测试订单',NULL,'1',NULL,'takeout','county','固始县',NULL,NULL,NULL,'2026-03-26 20:18:55',NULL,NULL,0.00,0.00,0.00,0.00,NULL,NULL,NULL,NULL,NULL,115.68262200,32.17935400),(23,'17745275358993318','17745275358993318',5,2,NULL,'[{\"商品名\":\"测试固始鹅块\",\"单价\":20,\"数量\":1}]','[{\"商品名\":\"测试固始鹅块\",\"单价\":20,\"数量\":1}]',22.5,20.00,2.50,0.00,0.00,22.50,0.00,1,'测试地址','测试地址',32.17935400,115.68262200,NULL,NULL,'13800000000','测试用户','这是来自首页后门的一键测试订单',NULL,'1',NULL,'takeout','county','固始县',NULL,NULL,NULL,'2026-03-26 20:18:55',NULL,NULL,0.00,0.00,0.00,0.00,NULL,NULL,NULL,NULL,NULL,115.68262200,32.17935400),(24,'17745291543316620','17745291543316620',2,1,NULL,'[{\"id\":1,\"name\":\"联调商品\",\"price\":12.5,\"qty\":1}]','[{\"id\":1,\"name\":\"联调商品\",\"price\":12.5,\"qty\":1}]',36,12.50,23.50,0.00,0.00,36.00,0.00,1,'固始县联调地址','固始县联调地址',32.15000000,115.65000000,NULL,NULL,'13800001111','联调买家',NULL,NULL,'1',NULL,'takeout','county',NULL,NULL,NULL,NULL,'2026-03-26 20:45:54',NULL,NULL,0.00,0.00,0.00,0.00,NULL,NULL,NULL,NULL,NULL,115.65000000,32.15000000),(25,'17745291987248325','17745291987248325',2,1,NULL,'[{\"id\":2,\"name\":\"二次联调商品\",\"price\":10,\"qty\":1}]','[{\"id\":2,\"name\":\"二次联调商品\",\"price\":10,\"qty\":1}]',33.5,10.00,23.50,0.00,0.00,33.50,0.00,1,'固始县二次地址','固始县二次地址',32.16000000,115.66000000,NULL,NULL,'13800001111','mysql_test',NULL,NULL,'1',NULL,'takeout','county',NULL,NULL,NULL,NULL,'2026-03-26 20:46:38',NULL,NULL,0.00,0.00,0.00,0.00,NULL,NULL,NULL,NULL,NULL,115.66000000,32.16000000),(26,'17745292807787258','17745292807787258',2,1,NULL,'[{\"id\":3,\"name\":\"三次联调商品\",\"price\":9.9,\"qty\":1}]','[{\"id\":3,\"name\":\"三次联调商品\",\"price\":9.9,\"qty\":1}]',34.4,9.90,24.50,0.00,0.00,34.40,0.00,1,'固始县三次地址','固始县三次地址',32.17000000,115.67000000,NULL,NULL,'13800001111','mysql_test',NULL,NULL,'1',NULL,'takeout','county',NULL,NULL,NULL,NULL,'2026-03-26 20:48:00',NULL,NULL,0.00,0.00,0.00,0.00,NULL,NULL,NULL,NULL,NULL,115.67000000,32.17000000),(27,'17745295567361586','17745295567361586',5,2,NULL,'[{\"商品名\":\"测试固始鹅块\",\"单价\":20,\"数量\":1}]','[{\"商品名\":\"测试固始鹅块\",\"单价\":20,\"数量\":1}]',22.5,20.00,2.50,0.00,0.00,22.50,0.00,1,'测试地址','测试地址',32.17935400,115.68262200,NULL,NULL,'13800000000','测试用户','这是来自首页后门的一键测试订单',NULL,'1',NULL,'takeout','county','固始县',NULL,NULL,NULL,'2026-03-26 20:52:36',NULL,NULL,0.00,0.00,0.00,0.00,NULL,NULL,NULL,NULL,NULL,115.68262200,32.17935400),(28,'17745295575919930','17745295575919930',5,2,NULL,'[{\"商品名\":\"测试固始鹅块\",\"单价\":20,\"数量\":1}]','[{\"商品名\":\"测试固始鹅块\",\"单价\":20,\"数量\":1}]',22.5,20.00,2.50,0.00,0.00,22.50,0.00,1,'测试地址','测试地址',32.17935400,115.68262200,NULL,NULL,'13800000000','测试用户','这是来自首页后门的一键测试订单',NULL,'1',NULL,'takeout','county','固始县',NULL,NULL,NULL,'2026-03-26 20:52:37',NULL,NULL,0.00,0.00,0.00,0.00,NULL,NULL,NULL,NULL,NULL,115.68262200,32.17935400),(29,'17745295579908243','17745295579908243',5,2,NULL,'[{\"商品名\":\"测试固始鹅块\",\"单价\":20,\"数量\":1}]','[{\"商品名\":\"测试固始鹅块\",\"单价\":20,\"数量\":1}]',22.5,20.00,2.50,0.00,0.00,22.50,0.00,1,'测试地址','测试地址',32.17935400,115.68262200,NULL,NULL,'13800000000','测试用户','这是来自首页后门的一键测试订单',NULL,'1',NULL,'takeout','county','固始县',NULL,NULL,NULL,'2026-03-26 20:52:37',NULL,NULL,0.00,0.00,0.00,0.00,NULL,NULL,NULL,NULL,NULL,115.68262200,32.17935400),(30,'17745295728042383','17745295728042383',5,2,NULL,'[{\"商品名\":\"测试固始鹅块\",\"单价\":20,\"数量\":1}]','[{\"商品名\":\"测试固始鹅块\",\"单价\":20,\"数量\":1}]',22.5,20.00,2.50,0.00,0.00,22.50,0.00,1,'测试地址','测试地址',32.17935400,115.68262200,NULL,NULL,'13800000000','测试用户','这是来自首页后门的一键测试订单',NULL,'1',NULL,'takeout','county','固始县',NULL,NULL,NULL,'2026-03-26 20:52:52',NULL,NULL,0.00,0.00,0.00,0.00,NULL,NULL,NULL,NULL,NULL,115.68262200,32.17935400),(31,'17745295729431815','17745295729431815',5,2,NULL,'[{\"商品名\":\"测试固始鹅块\",\"单价\":20,\"数量\":1}]','[{\"商品名\":\"测试固始鹅块\",\"单价\":20,\"数量\":1}]',22.5,20.00,2.50,0.00,0.00,22.50,0.00,1,'测试地址','测试地址',32.17935400,115.68262200,NULL,NULL,'13800000000','测试用户','这是来自首页后门的一键测试订单',NULL,'1',NULL,'takeout','county','固始县',NULL,NULL,NULL,'2026-03-26 20:52:52',NULL,NULL,0.00,0.00,0.00,0.00,NULL,NULL,NULL,NULL,NULL,115.68262200,32.17935400),(32,'17745295730888292','17745295730888292',5,2,NULL,'[{\"商品名\":\"测试固始鹅块\",\"单价\":20,\"数量\":1}]','[{\"商品名\":\"测试固始鹅块\",\"单价\":20,\"数量\":1}]',22.5,20.00,2.50,0.00,0.00,22.50,0.00,1,'测试地址','测试地址',32.17935400,115.68262200,NULL,NULL,'13800000000','测试用户','这是来自首页后门的一键测试订单',NULL,'1',NULL,'takeout','county','固始县',NULL,NULL,NULL,'2026-03-26 20:52:53',NULL,NULL,0.00,0.00,0.00,0.00,NULL,NULL,NULL,NULL,NULL,115.68262200,32.17935400),(33,'17745295732314331','17745295732314331',5,2,NULL,'[{\"商品名\":\"测试固始鹅块\",\"单价\":20,\"数量\":1}]','[{\"商品名\":\"测试固始鹅块\",\"单价\":20,\"数量\":1}]',22.5,20.00,2.50,0.00,0.00,22.50,0.00,1,'测试地址','测试地址',32.17935400,115.68262200,NULL,NULL,'13800000000','测试用户','这是来自首页后门的一键测试订单',NULL,'1',NULL,'takeout','county','固始县',NULL,NULL,NULL,'2026-03-26 20:52:53',NULL,NULL,0.00,0.00,0.00,0.00,NULL,NULL,NULL,NULL,NULL,115.68262200,32.17935400),(34,'17745295733649992','17745295733649992',5,2,NULL,'[{\"商品名\":\"测试固始鹅块\",\"单价\":20,\"数量\":1}]','[{\"商品名\":\"测试固始鹅块\",\"单价\":20,\"数量\":1}]',22.5,20.00,2.50,0.00,0.00,22.50,0.00,1,'测试地址','测试地址',32.17935400,115.68262200,NULL,NULL,'13800000000','测试用户','这是来自首页后门的一键测试订单',NULL,'1',NULL,'takeout','county','固始县',NULL,NULL,NULL,'2026-03-26 20:52:53',NULL,NULL,0.00,0.00,0.00,0.00,NULL,NULL,NULL,NULL,NULL,115.68262200,32.17935400),(35,'17745295734928635','17745295734928635',5,2,NULL,'[{\"商品名\":\"测试固始鹅块\",\"单价\":20,\"数量\":1}]','[{\"商品名\":\"测试固始鹅块\",\"单价\":20,\"数量\":1}]',22.5,20.00,2.50,0.00,0.00,22.50,0.00,1,'测试地址','测试地址',32.17935400,115.68262200,NULL,NULL,'13800000000','测试用户','这是来自首页后门的一键测试订单',NULL,'1',NULL,'takeout','county','固始县',NULL,NULL,NULL,'2026-03-26 20:52:53',NULL,NULL,0.00,0.00,0.00,0.00,NULL,NULL,NULL,NULL,NULL,115.68262200,32.17935400),(36,'17745295915959427','17745295915959427',5,2,NULL,'[{\"商品名\":\"测试固始鹅块\",\"单价\":20,\"数量\":1}]','[{\"商品名\":\"测试固始鹅块\",\"单价\":20,\"数量\":1}]',22.5,20.00,2.50,0.00,0.00,22.50,0.00,1,'测试地址','测试地址',32.17935400,115.68262200,NULL,NULL,'13800000000','测试用户','这是来自首页后门的一键测试订单',NULL,'1',NULL,'takeout','county','固始县',NULL,NULL,NULL,'2026-03-26 20:53:11',NULL,NULL,0.00,0.00,0.00,0.00,NULL,NULL,NULL,NULL,NULL,115.68262200,32.17935400),(37,'17745295918774112','17745295918774112',5,2,NULL,'[{\"商品名\":\"测试固始鹅块\",\"单价\":20,\"数量\":1}]','[{\"商品名\":\"测试固始鹅块\",\"单价\":20,\"数量\":1}]',22.5,20.00,2.50,0.00,0.00,22.50,0.00,1,'测试地址','测试地址',32.17935400,115.68262200,NULL,NULL,'13800000000','测试用户','这是来自首页后门的一键测试订单',NULL,'1',NULL,'takeout','county','固始县',NULL,NULL,NULL,'2026-03-26 20:53:11',NULL,NULL,0.00,0.00,0.00,0.00,NULL,NULL,NULL,NULL,NULL,115.68262200,32.17935400),(38,'17745295921569192','17745295921569192',5,2,NULL,'[{\"商品名\":\"测试固始鹅块\",\"单价\":20,\"数量\":1}]','[{\"商品名\":\"测试固始鹅块\",\"单价\":20,\"数量\":1}]',22.5,20.00,2.50,0.00,0.00,22.50,0.00,1,'测试地址','测试地址',32.17935400,115.68262200,NULL,NULL,'13800000000','测试用户','这是来自首页后门的一键测试订单',NULL,'1',NULL,'takeout','county','固始县',NULL,NULL,NULL,'2026-03-26 20:53:12',NULL,NULL,0.00,0.00,0.00,0.00,NULL,NULL,NULL,NULL,NULL,115.68262200,32.17935400),(39,'17745295936280963','17745295936280963',5,2,NULL,'[{\"商品名\":\"测试固始鹅块\",\"单价\":20,\"数量\":1}]','[{\"商品名\":\"测试固始鹅块\",\"单价\":20,\"数量\":1}]',22.5,20.00,2.50,0.00,0.00,22.50,0.00,1,'测试地址','测试地址',32.17935400,115.68262200,NULL,NULL,'13800000000','测试用户','这是来自首页后门的一键测试订单',NULL,'1',NULL,'takeout','county','固始县',NULL,NULL,NULL,'2026-03-26 20:53:13',NULL,NULL,0.00,0.00,0.00,0.00,NULL,NULL,NULL,NULL,NULL,115.68262200,32.17935400),(40,'17745295937692176','17745295937692176',5,2,NULL,'[{\"商品名\":\"测试固始鹅块\",\"单价\":20,\"数量\":1}]','[{\"商品名\":\"测试固始鹅块\",\"单价\":20,\"数量\":1}]',22.5,20.00,2.50,0.00,0.00,22.50,0.00,1,'测试地址','测试地址',32.17935400,115.68262200,NULL,NULL,'13800000000','测试用户','这是来自首页后门的一键测试订单',NULL,'1',NULL,'takeout','county','固始县',NULL,NULL,NULL,'2026-03-26 20:53:13',NULL,NULL,0.00,0.00,0.00,0.00,NULL,NULL,NULL,NULL,NULL,115.68262200,32.17935400),(41,'17745296006494715','17745296006494715',5,2,NULL,'[{\"商品名\":\"测试固始鹅块\",\"单价\":20,\"数量\":1}]','[{\"商品名\":\"测试固始鹅块\",\"单价\":20,\"数量\":1}]',22.5,20.00,2.50,0.00,0.00,22.50,0.00,1,'测试地址','测试地址',32.17935400,115.68262200,NULL,NULL,'13800000000','测试用户','这是来自首页后门的一键测试订单',NULL,'1',NULL,'takeout','county','固始县',NULL,NULL,NULL,'2026-03-26 20:53:20',NULL,NULL,0.00,0.00,0.00,0.00,NULL,NULL,NULL,NULL,NULL,115.68262200,32.17935400),(42,'17745305448440224','17745305448440224',5,2,NULL,'[{\"商品名\":\"测试固始鹅块\",\"单价\":20,\"数量\":1}]','[{\"商品名\":\"测试固始鹅块\",\"单价\":20,\"数量\":1}]',22.5,20.00,2.50,0.00,0.00,22.50,0.00,1,'测试地址','测试地址',32.17935400,115.68262200,NULL,NULL,'13800000000','测试用户','这是来自首页后门的一键测试订单',NULL,'1',NULL,'takeout','county','固始县',NULL,NULL,NULL,'2026-03-26 21:09:04',NULL,NULL,0.00,0.00,0.00,0.00,NULL,NULL,NULL,NULL,NULL,115.68262200,32.17935400),(43,'17745321020148971','17745321020148971',5,2,NULL,'[{\"商品名\":\"测试固始鹅块\",\"单价\":20,\"数量\":1}]','[{\"商品名\":\"测试固始鹅块\",\"单价\":20,\"数量\":1}]',22.5,20.00,2.50,0.00,0.00,22.50,0.00,1,'测试地址','测试地址',32.17935400,115.68262200,NULL,NULL,'13800000000','测试用户','这是来自首页后门的一键测试订单',NULL,'1',NULL,'takeout','county','固始县',NULL,NULL,NULL,'2026-03-26 21:35:02',NULL,NULL,0.00,0.00,0.00,0.00,NULL,NULL,NULL,NULL,NULL,115.68262200,32.17935400),(44,'17745321028226561','17745321028226561',5,2,NULL,'[{\"商品名\":\"测试固始鹅块\",\"单价\":20,\"数量\":1}]','[{\"商品名\":\"测试固始鹅块\",\"单价\":20,\"数量\":1}]',22.5,20.00,2.50,0.00,0.00,22.50,0.00,1,'测试地址','测试地址',32.17935400,115.68262200,NULL,NULL,'13800000000','测试用户','这是来自首页后门的一键测试订单',NULL,'1',NULL,'takeout','county','固始县',NULL,NULL,NULL,'2026-03-26 21:35:02',NULL,NULL,0.00,0.00,0.00,0.00,NULL,NULL,NULL,NULL,NULL,115.68262200,32.17935400),(45,'17745321084633737','17745321084633737',5,2,NULL,'[{\"商品名\":\"测试固始鹅块\",\"单价\":20,\"数量\":1}]','[{\"商品名\":\"测试固始鹅块\",\"单价\":20,\"数量\":1}]',22.5,20.00,2.50,0.00,0.00,22.50,0.00,1,'测试地址','测试地址',32.17935400,115.68262200,NULL,NULL,'13800000000','测试用户','这是来自首页后门的一键测试订单',NULL,'1',NULL,'takeout','county','固始县',NULL,NULL,NULL,'2026-03-26 21:35:08',NULL,NULL,0.00,0.00,0.00,0.00,NULL,NULL,NULL,NULL,NULL,115.68262200,32.17935400),(46,'17745321086208111','17745321086208111',5,2,NULL,'[{\"商品名\":\"测试固始鹅块\",\"单价\":20,\"数量\":1}]','[{\"商品名\":\"测试固始鹅块\",\"单价\":20,\"数量\":1}]',22.5,20.00,2.50,0.00,0.00,22.50,0.00,1,'测试地址','测试地址',32.17935400,115.68262200,NULL,NULL,'13800000000','测试用户','这是来自首页后门的一键测试订单',NULL,'1',NULL,'takeout','county','固始县',NULL,NULL,NULL,'2026-03-26 21:35:08',NULL,NULL,0.00,0.00,0.00,0.00,NULL,NULL,NULL,NULL,NULL,115.68262200,32.17935400),(47,'17745321087629967','17745321087629967',5,2,NULL,'[{\"商品名\":\"测试固始鹅块\",\"单价\":20,\"数量\":1}]','[{\"商品名\":\"测试固始鹅块\",\"单价\":20,\"数量\":1}]',22.5,20.00,2.50,0.00,0.00,22.50,0.00,1,'测试地址','测试地址',32.17935400,115.68262200,NULL,NULL,'13800000000','测试用户','这是来自首页后门的一键测试订单',NULL,'1',NULL,'takeout','county','固始县',NULL,NULL,NULL,'2026-03-26 21:35:08',NULL,NULL,0.00,0.00,0.00,0.00,NULL,NULL,NULL,NULL,NULL,115.68262200,32.17935400),(48,'17745321088984788','17745321088984788',5,2,NULL,'[{\"商品名\":\"测试固始鹅块\",\"单价\":20,\"数量\":1}]','[{\"商品名\":\"测试固始鹅块\",\"单价\":20,\"数量\":1}]',22.5,20.00,2.50,0.00,0.00,22.50,0.00,1,'测试地址','测试地址',32.17935400,115.68262200,NULL,NULL,'13800000000','测试用户','这是来自首页后门的一键测试订单',NULL,'1',NULL,'takeout','county','固始县',NULL,NULL,NULL,'2026-03-26 21:35:08',NULL,NULL,0.00,0.00,0.00,0.00,NULL,NULL,NULL,NULL,NULL,115.68262200,32.17935400),(49,'17745321090317681','17745321090317681',5,2,NULL,'[{\"商品名\":\"测试固始鹅块\",\"单价\":20,\"数量\":1}]','[{\"商品名\":\"测试固始鹅块\",\"单价\":20,\"数量\":1}]',22.5,20.00,2.50,0.00,0.00,22.50,0.00,1,'测试地址','测试地址',32.17935400,115.68262200,NULL,NULL,'13800000000','测试用户','这是来自首页后门的一键测试订单',NULL,'1',NULL,'takeout','county','固始县',NULL,NULL,NULL,'2026-03-26 21:35:09',NULL,NULL,0.00,0.00,0.00,0.00,NULL,NULL,NULL,NULL,NULL,115.68262200,32.17935400),(50,'17745321091586845','17745321091586845',5,2,NULL,'[{\"商品名\":\"测试固始鹅块\",\"单价\":20,\"数量\":1}]','[{\"商品名\":\"测试固始鹅块\",\"单价\":20,\"数量\":1}]',22.5,20.00,2.50,0.00,0.00,22.50,0.00,1,'测试地址','测试地址',32.17935400,115.68262200,NULL,NULL,'13800000000','测试用户','这是来自首页后门的一键测试订单',NULL,'1',NULL,'takeout','county','固始县',NULL,NULL,NULL,'2026-03-26 21:35:09',NULL,NULL,0.00,0.00,0.00,0.00,NULL,NULL,NULL,NULL,NULL,115.68262200,32.17935400),(51,'17745338650647115','17745338650647115',5,2,NULL,'[{\"商品名\":\"测试固始鹅块\",\"单价\":20,\"数量\":1}]','[{\"商品名\":\"测试固始鹅块\",\"单价\":20,\"数量\":1}]',22.5,20.00,2.50,0.00,0.00,22.50,0.00,1,'测试地址','测试地址',32.17935400,115.68262200,NULL,NULL,'13800000000','测试用户','这是来自首页后门的一键测试订单',NULL,'1',NULL,'takeout','county','固始县',NULL,NULL,NULL,'2026-03-26 22:04:25',NULL,NULL,0.00,0.00,0.00,0.00,NULL,NULL,NULL,NULL,NULL,115.68262200,32.17935400),(52,'17745338657364627','17745338657364627',5,2,NULL,'[{\"商品名\":\"测试固始鹅块\",\"单价\":20,\"数量\":1}]','[{\"商品名\":\"测试固始鹅块\",\"单价\":20,\"数量\":1}]',22.5,20.00,2.50,0.00,0.00,22.50,0.00,1,'测试地址','测试地址',32.17935400,115.68262200,NULL,NULL,'13800000000','测试用户','这是来自首页后门的一键测试订单',NULL,'1',NULL,'takeout','county','固始县',NULL,NULL,NULL,'2026-03-26 22:04:25',NULL,NULL,0.00,0.00,0.00,0.00,NULL,NULL,NULL,NULL,NULL,115.68262200,32.17935400),(53,'17745338658867384','17745338658867384',5,2,NULL,'[{\"商品名\":\"测试固始鹅块\",\"单价\":20,\"数量\":1}]','[{\"商品名\":\"测试固始鹅块\",\"单价\":20,\"数量\":1}]',22.5,20.00,2.50,0.00,0.00,22.50,0.00,1,'测试地址','测试地址',32.17935400,115.68262200,NULL,NULL,'13800000000','测试用户','这是来自首页后门的一键测试订单',NULL,'1',NULL,'takeout','county','固始县',NULL,NULL,NULL,'2026-03-26 22:04:25',NULL,NULL,0.00,0.00,0.00,0.00,NULL,NULL,NULL,NULL,NULL,115.68262200,32.17935400),(54,'17745338660296661','17745338660296661',5,2,NULL,'[{\"商品名\":\"测试固始鹅块\",\"单价\":20,\"数量\":1}]','[{\"商品名\":\"测试固始鹅块\",\"单价\":20,\"数量\":1}]',22.5,20.00,2.50,0.00,0.00,22.50,0.00,1,'测试地址','测试地址',32.17935400,115.68262200,NULL,NULL,'13800000000','测试用户','这是来自首页后门的一键测试订单',NULL,'1',NULL,'takeout','county','固始县',NULL,NULL,NULL,'2026-03-26 22:04:26',NULL,NULL,0.00,0.00,0.00,0.00,NULL,NULL,NULL,NULL,NULL,115.68262200,32.17935400),(55,'17745338661762563','17745338661762563',5,2,NULL,'[{\"商品名\":\"测试固始鹅块\",\"单价\":20,\"数量\":1}]','[{\"商品名\":\"测试固始鹅块\",\"单价\":20,\"数量\":1}]',22.5,20.00,2.50,0.00,0.00,22.50,0.00,1,'测试地址','测试地址',32.17935400,115.68262200,NULL,NULL,'13800000000','测试用户','这是来自首页后门的一键测试订单',NULL,'1',NULL,'takeout','county','固始县',NULL,NULL,NULL,'2026-03-26 22:04:26',NULL,NULL,0.00,0.00,0.00,0.00,NULL,NULL,NULL,NULL,NULL,115.68262200,32.17935400),(56,'17745338663161963','17745338663161963',5,2,NULL,'[{\"商品名\":\"测试固始鹅块\",\"单价\":20,\"数量\":1}]','[{\"商品名\":\"测试固始鹅块\",\"单价\":20,\"数量\":1}]',22.5,20.00,2.50,0.00,0.00,22.50,0.00,1,'测试地址','测试地址',32.17935400,115.68262200,NULL,NULL,'13800000000','测试用户','这是来自首页后门的一键测试订单',NULL,'1',NULL,'takeout','county','固始县',NULL,NULL,NULL,'2026-03-26 22:04:26',NULL,NULL,0.00,0.00,0.00,0.00,NULL,NULL,NULL,NULL,NULL,115.68262200,32.17935400),(57,'17745338664568795','17745338664568795',5,2,NULL,'[{\"商品名\":\"测试固始鹅块\",\"单价\":20,\"数量\":1}]','[{\"商品名\":\"测试固始鹅块\",\"单价\":20,\"数量\":1}]',22.5,20.00,2.50,0.00,0.00,22.50,0.00,1,'测试地址','测试地址',32.17935400,115.68262200,NULL,NULL,'13800000000','测试用户','这是来自首页后门的一键测试订单',NULL,'1',NULL,'takeout','county','固始县',NULL,NULL,NULL,'2026-03-26 22:04:26',NULL,NULL,0.00,0.00,0.00,0.00,NULL,NULL,NULL,NULL,NULL,115.68262200,32.17935400),(58,'17745338665911277','17745338665911277',5,2,NULL,'[{\"商品名\":\"测试固始鹅块\",\"单价\":20,\"数量\":1}]','[{\"商品名\":\"测试固始鹅块\",\"单价\":20,\"数量\":1}]',22.5,20.00,2.50,0.00,0.00,22.50,0.00,1,'测试地址','测试地址',32.17935400,115.68262200,NULL,NULL,'13800000000','测试用户','这是来自首页后门的一键测试订单',NULL,'1',NULL,'takeout','county','固始县',NULL,NULL,NULL,'2026-03-26 22:04:26',NULL,NULL,0.00,0.00,0.00,0.00,NULL,NULL,NULL,NULL,NULL,115.68262200,32.17935400),(59,'17745338667063976','17745338667063976',5,2,NULL,'[{\"商品名\":\"测试固始鹅块\",\"单价\":20,\"数量\":1}]','[{\"商品名\":\"测试固始鹅块\",\"单价\":20,\"数量\":1}]',22.5,20.00,2.50,0.00,0.00,22.50,0.00,1,'测试地址','测试地址',32.17935400,115.68262200,NULL,NULL,'13800000000','测试用户','这是来自首页后门的一键测试订单',NULL,'1',NULL,'takeout','county','固始县',NULL,NULL,NULL,'2026-03-26 22:04:26',NULL,NULL,0.00,0.00,0.00,0.00,NULL,NULL,NULL,NULL,NULL,115.68262200,32.17935400),(60,'17745338669423575','17745338669423575',5,2,NULL,'[{\"商品名\":\"测试固始鹅块\",\"单价\":20,\"数量\":1}]','[{\"商品名\":\"测试固始鹅块\",\"单价\":20,\"数量\":1}]',22.5,20.00,2.50,0.00,0.00,22.50,0.00,1,'测试地址','测试地址',32.17935400,115.68262200,NULL,NULL,'13800000000','测试用户','这是来自首页后门的一键测试订单',NULL,'1',NULL,'takeout','county','固始县',NULL,NULL,NULL,'2026-03-26 22:04:26',NULL,NULL,0.00,0.00,0.00,0.00,NULL,NULL,NULL,NULL,NULL,115.68262200,32.17935400),(61,'17745338670565818','17745338670565818',5,2,NULL,'[{\"商品名\":\"测试固始鹅块\",\"单价\":20,\"数量\":1}]','[{\"商品名\":\"测试固始鹅块\",\"单价\":20,\"数量\":1}]',22.5,20.00,2.50,0.00,0.00,22.50,0.00,1,'测试地址','测试地址',32.17935400,115.68262200,NULL,NULL,'13800000000','测试用户','这是来自首页后门的一键测试订单',NULL,'1',NULL,'takeout','county','固始县',NULL,NULL,NULL,'2026-03-26 22:04:27',NULL,NULL,0.00,0.00,0.00,0.00,NULL,NULL,NULL,NULL,NULL,115.68262200,32.17935400),(62,'17745338672008805','17745338672008805',5,2,NULL,'[{\"商品名\":\"测试固始鹅块\",\"单价\":20,\"数量\":1}]','[{\"商品名\":\"测试固始鹅块\",\"单价\":20,\"数量\":1}]',22.5,20.00,2.50,0.00,0.00,22.50,0.00,1,'测试地址','测试地址',32.17935400,115.68262200,NULL,NULL,'13800000000','测试用户','这是来自首页后门的一键测试订单',NULL,'1',NULL,'takeout','county','固始县',NULL,NULL,NULL,'2026-03-26 22:04:27',NULL,NULL,0.00,0.00,0.00,0.00,NULL,NULL,NULL,NULL,NULL,115.68262200,32.17935400),(63,'17745338673411554','17745338673411554',5,2,NULL,'[{\"商品名\":\"测试固始鹅块\",\"单价\":20,\"数量\":1}]','[{\"商品名\":\"测试固始鹅块\",\"单价\":20,\"数量\":1}]',22.5,20.00,2.50,0.00,0.00,22.50,0.00,1,'测试地址','测试地址',32.17935400,115.68262200,NULL,NULL,'13800000000','测试用户','这是来自首页后门的一键测试订单',NULL,'1',NULL,'takeout','county','固始县',NULL,NULL,NULL,'2026-03-26 22:04:27',NULL,NULL,0.00,0.00,0.00,0.00,NULL,NULL,NULL,NULL,NULL,115.68262200,32.17935400),(64,'17745338675055149','17745338675055149',5,2,NULL,'[{\"商品名\":\"测试固始鹅块\",\"单价\":20,\"数量\":1}]','[{\"商品名\":\"测试固始鹅块\",\"单价\":20,\"数量\":1}]',22.5,20.00,2.50,0.00,0.00,22.50,0.00,1,'测试地址','测试地址',32.17935400,115.68262200,NULL,NULL,'13800000000','测试用户','这是来自首页后门的一键测试订单',NULL,'1',NULL,'takeout','county','固始县',NULL,NULL,NULL,'2026-03-26 22:04:27',NULL,NULL,0.00,0.00,0.00,0.00,NULL,NULL,NULL,NULL,NULL,115.68262200,32.17935400),(65,'17745338676181315','17745338676181315',5,2,NULL,'[{\"商品名\":\"测试固始鹅块\",\"单价\":20,\"数量\":1}]','[{\"商品名\":\"测试固始鹅块\",\"单价\":20,\"数量\":1}]',22.5,20.00,2.50,0.00,0.00,22.50,0.00,1,'测试地址','测试地址',32.17935400,115.68262200,NULL,NULL,'13800000000','测试用户','这是来自首页后门的一键测试订单',NULL,'1',NULL,'takeout','county','固始县',NULL,NULL,NULL,'2026-03-26 22:04:27',NULL,NULL,0.00,0.00,0.00,0.00,NULL,NULL,NULL,NULL,NULL,115.68262200,32.17935400),(66,'17745344674737475','17745344674737475',5,2,NULL,'[{\"商品名\":\"测试固始鹅块\",\"单价\":20,\"数量\":1}]','[{\"商品名\":\"测试固始鹅块\",\"单价\":20,\"数量\":1}]',22.5,20.00,2.50,0.00,0.00,22.50,0.00,1,'测试地址','测试地址',32.17935400,115.68262200,NULL,NULL,'13800000000','测试用户','这是来自首页后门的一键测试订单',NULL,'1',NULL,'takeout','county','固始县',NULL,NULL,NULL,'2026-03-26 22:14:27',NULL,NULL,0.00,0.00,0.00,0.00,NULL,NULL,NULL,NULL,NULL,115.68262200,32.17935400),(67,'17745344676120554','17745344676120554',5,2,NULL,'[{\"商品名\":\"测试固始鹅块\",\"单价\":20,\"数量\":1}]','[{\"商品名\":\"测试固始鹅块\",\"单价\":20,\"数量\":1}]',22.5,20.00,2.50,0.00,0.00,22.50,0.00,1,'测试地址','测试地址',32.17935400,115.68262200,NULL,NULL,'13800000000','测试用户','这是来自首页后门的一键测试订单',NULL,'1',NULL,'takeout','county','固始县',NULL,NULL,NULL,'2026-03-26 22:14:27',NULL,NULL,0.00,0.00,0.00,0.00,NULL,NULL,NULL,NULL,NULL,115.68262200,32.17935400),(68,'17745344677529390','17745344677529390',5,2,NULL,'[{\"商品名\":\"测试固始鹅块\",\"单价\":20,\"数量\":1}]','[{\"商品名\":\"测试固始鹅块\",\"单价\":20,\"数量\":1}]',22.5,20.00,2.50,0.00,0.00,22.50,0.00,1,'测试地址','测试地址',32.17935400,115.68262200,NULL,NULL,'13800000000','测试用户','这是来自首页后门的一键测试订单',NULL,'1',NULL,'takeout','county','固始县',NULL,NULL,NULL,'2026-03-26 22:14:27',NULL,NULL,0.00,0.00,0.00,0.00,NULL,NULL,NULL,NULL,NULL,115.68262200,32.17935400),(69,'17745344678913676','17745344678913676',5,2,NULL,'[{\"商品名\":\"测试固始鹅块\",\"单价\":20,\"数量\":1}]','[{\"商品名\":\"测试固始鹅块\",\"单价\":20,\"数量\":1}]',22.5,20.00,2.50,0.00,0.00,22.50,0.00,1,'测试地址','测试地址',32.17935400,115.68262200,NULL,NULL,'13800000000','测试用户','这是来自首页后门的一键测试订单',NULL,'1',NULL,'takeout','county','固始县',NULL,NULL,NULL,'2026-03-26 22:14:27',NULL,NULL,0.00,0.00,0.00,0.00,NULL,NULL,NULL,NULL,NULL,115.68262200,32.17935400),(70,'17745344680002971','17745344680002971',5,2,NULL,'[{\"商品名\":\"测试固始鹅块\",\"单价\":20,\"数量\":1}]','[{\"商品名\":\"测试固始鹅块\",\"单价\":20,\"数量\":1}]',22.5,20.00,2.50,0.00,0.00,22.50,0.00,1,'测试地址','测试地址',32.17935400,115.68262200,NULL,NULL,'13800000000','测试用户','这是来自首页后门的一键测试订单',NULL,'1',NULL,'takeout','county','固始县',NULL,NULL,NULL,'2026-03-26 22:14:28',NULL,NULL,0.00,0.00,0.00,0.00,NULL,NULL,NULL,NULL,NULL,115.68262200,32.17935400),(71,'17745344681342492','17745344681342492',5,2,NULL,'[{\"商品名\":\"测试固始鹅块\",\"单价\":20,\"数量\":1}]','[{\"商品名\":\"测试固始鹅块\",\"单价\":20,\"数量\":1}]',22.5,20.00,2.50,0.00,0.00,22.50,0.00,1,'测试地址','测试地址',32.17935400,115.68262200,NULL,NULL,'13800000000','测试用户','这是来自首页后门的一键测试订单',NULL,'1',NULL,'takeout','county','固始县',NULL,NULL,NULL,'2026-03-26 22:14:28',NULL,NULL,0.00,0.00,0.00,0.00,NULL,NULL,NULL,NULL,NULL,115.68262200,32.17935400),(72,'17745344720337840','17745344720337840',5,2,NULL,'[{\"商品名\":\"测试固始鹅块\",\"单价\":20,\"数量\":1}]','[{\"商品名\":\"测试固始鹅块\",\"单价\":20,\"数量\":1}]',22.5,20.00,2.50,0.00,0.00,22.50,0.00,1,'测试地址','测试地址',32.17935400,115.68262200,NULL,NULL,'13800000000','测试用户','这是来自首页后门的一键测试订单',NULL,'1',NULL,'takeout','county','固始县',NULL,NULL,NULL,'2026-03-26 22:14:32',NULL,NULL,0.00,0.00,0.00,0.00,NULL,NULL,NULL,NULL,NULL,115.68262200,32.17935400),(73,'17745726410130731','17745726410130731',5,2,NULL,'[{\"商品名\":\"测试固始鹅块\",\"单价\":20,\"数量\":1}]','[{\"商品名\":\"测试固始鹅块\",\"单价\":20,\"数量\":1}]',22.5,20.00,2.50,0.00,0.00,22.50,0.00,1,'测试地址','测试地址',32.17935400,115.68262200,NULL,NULL,'13800000000','测试用户','这是来自首页后门的一键测试订单',NULL,'1',NULL,'takeout','county','固始县',NULL,NULL,NULL,'2026-03-27 08:50:41',NULL,NULL,0.00,0.00,0.00,0.00,NULL,NULL,NULL,NULL,NULL,115.68262200,32.17935400),(74,'17745726416685812','17745726416685812',5,2,NULL,'[{\"商品名\":\"测试固始鹅块\",\"单价\":20,\"数量\":1}]','[{\"商品名\":\"测试固始鹅块\",\"单价\":20,\"数量\":1}]',22.5,20.00,2.50,0.00,0.00,22.50,0.00,1,'测试地址','测试地址',32.17935400,115.68262200,NULL,NULL,'13800000000','测试用户','这是来自首页后门的一键测试订单',NULL,'1',NULL,'takeout','county','固始县',NULL,NULL,NULL,'2026-03-27 08:50:41',NULL,NULL,0.00,0.00,0.00,0.00,NULL,NULL,NULL,NULL,NULL,115.68262200,32.17935400),(75,'17745726445598908','17745726445598908',5,2,NULL,'[{\"商品名\":\"测试固始鹅块\",\"单价\":20,\"数量\":1}]','[{\"商品名\":\"测试固始鹅块\",\"单价\":20,\"数量\":1}]',22.5,20.00,2.50,0.00,0.00,22.50,0.00,1,'测试地址','测试地址',32.17935400,115.68262200,NULL,NULL,'13800000000','测试用户','这是来自首页后门的一键测试订单',NULL,'1',NULL,'takeout','county','固始县',NULL,NULL,NULL,'2026-03-27 08:50:44',NULL,NULL,0.00,0.00,0.00,0.00,NULL,NULL,NULL,NULL,NULL,115.68262200,32.17935400),(76,'17745726446998427','17745726446998427',5,2,NULL,'[{\"商品名\":\"测试固始鹅块\",\"单价\":20,\"数量\":1}]','[{\"商品名\":\"测试固始鹅块\",\"单价\":20,\"数量\":1}]',22.5,20.00,2.50,0.00,0.00,22.50,0.00,1,'测试地址','测试地址',32.17935400,115.68262200,NULL,NULL,'13800000000','测试用户','这是来自首页后门的一键测试订单',NULL,'1',NULL,'takeout','county','固始县',NULL,NULL,NULL,'2026-03-27 08:50:44',NULL,NULL,0.00,0.00,0.00,0.00,NULL,NULL,NULL,NULL,NULL,115.68262200,32.17935400),(77,'17745728149456581','17745728149456581',5,2,NULL,'[{\"商品名\":\"测试固始鹅块\",\"单价\":20,\"数量\":1}]','[{\"商品名\":\"测试固始鹅块\",\"单价\":20,\"数量\":1}]',22.5,20.00,2.50,0.00,0.00,22.50,0.00,1,'测试地址','测试地址',32.17935400,115.68262200,NULL,NULL,'13800000000','测试用户','这是来自首页后门的一键测试订单',NULL,'1',NULL,'takeout','county','固始县',NULL,NULL,NULL,'2026-03-27 08:53:34',NULL,NULL,0.00,0.00,0.00,0.00,NULL,NULL,NULL,NULL,NULL,115.68262200,32.17935400),(78,'17745728153183388','17745728153183388',5,2,NULL,'[{\"商品名\":\"测试固始鹅块\",\"单价\":20,\"数量\":1}]','[{\"商品名\":\"测试固始鹅块\",\"单价\":20,\"数量\":1}]',22.5,20.00,2.50,0.00,0.00,22.50,0.00,1,'测试地址','测试地址',32.17935400,115.68262200,NULL,NULL,'13800000000','测试用户','这是来自首页后门的一键测试订单',NULL,'1',NULL,'takeout','county','固始县',NULL,NULL,NULL,'2026-03-27 08:53:35',NULL,NULL,0.00,0.00,0.00,0.00,NULL,NULL,NULL,NULL,NULL,115.68262200,32.17935400),(79,'17745728154624808','17745728154624808',5,2,NULL,'[{\"商品名\":\"测试固始鹅块\",\"单价\":20,\"数量\":1}]','[{\"商品名\":\"测试固始鹅块\",\"单价\":20,\"数量\":1}]',22.5,20.00,2.50,0.00,0.00,22.50,0.00,1,'测试地址','测试地址',32.17935400,115.68262200,NULL,NULL,'13800000000','测试用户','这是来自首页后门的一键测试订单',NULL,'1',NULL,'takeout','county','固始县',NULL,NULL,NULL,'2026-03-27 08:53:35',NULL,NULL,0.00,0.00,0.00,0.00,NULL,NULL,NULL,NULL,NULL,115.68262200,32.17935400),(80,'17745729956241990','17745729956241990',5,2,NULL,'[{\"商品名\":\"测试固始鹅块\",\"单价\":20,\"数量\":1}]','[{\"商品名\":\"测试固始鹅块\",\"单价\":20,\"数量\":1}]',22.5,20.00,2.50,0.00,0.00,22.50,0.00,1,'测试地址','测试地址',32.17935400,115.68262200,NULL,NULL,'13800000000','测试用户','这是来自首页后门的一键测试订单',NULL,'1',NULL,'takeout','county','固始县',NULL,NULL,NULL,'2026-03-27 08:56:35',NULL,NULL,0.00,0.00,0.00,0.00,NULL,NULL,NULL,NULL,NULL,115.68262200,32.17935400),(81,'17745729959110552','17745729959110552',5,2,NULL,'[{\"商品名\":\"测试固始鹅块\",\"单价\":20,\"数量\":1}]','[{\"商品名\":\"测试固始鹅块\",\"单价\":20,\"数量\":1}]',22.5,20.00,2.50,0.00,0.00,22.50,0.00,1,'测试地址','测试地址',32.17935400,115.68262200,NULL,NULL,'13800000000','测试用户','这是来自首页后门的一键测试订单',NULL,'1',NULL,'takeout','county','固始县',NULL,NULL,NULL,'2026-03-27 08:56:35',NULL,NULL,0.00,0.00,0.00,0.00,NULL,NULL,NULL,NULL,NULL,115.68262200,32.17935400),(82,'17745731671870547','17745731671870547',5,2,NULL,'[{\"商品名\":\"测试固始鹅块\",\"单价\":20,\"数量\":1}]','[{\"商品名\":\"测试固始鹅块\",\"单价\":20,\"数量\":1}]',22.5,20.00,2.50,0.00,0.00,22.50,0.00,1,'测试地址','测试地址',32.17935400,115.68262200,NULL,NULL,'13800000000','测试用户','这是来自首页后门的一键测试订单',NULL,'1',NULL,'takeout','county','固始县',NULL,NULL,NULL,'2026-03-27 08:59:27',NULL,NULL,0.00,0.00,0.00,0.00,NULL,NULL,NULL,NULL,NULL,115.68262200,32.17935400),(83,'17745731792334708','17745731792334708',5,2,NULL,'[{\"商品名\":\"测试固始鹅块\",\"单价\":20,\"数量\":1}]','[{\"商品名\":\"测试固始鹅块\",\"单价\":20,\"数量\":1}]',22.5,20.00,2.50,0.00,0.00,22.50,0.00,1,'测试地址','测试地址',32.17935400,115.68262200,NULL,NULL,'13800000000','测试用户','这是来自首页后门的一键测试订单',NULL,'1',NULL,'takeout','county','固始县',NULL,NULL,NULL,'2026-03-27 08:59:39',NULL,NULL,0.00,0.00,0.00,0.00,NULL,NULL,NULL,NULL,NULL,115.68262200,32.17935400),(84,'17745731836015651','17745731836015651',5,2,NULL,'[{\"商品名\":\"测试固始鹅块\",\"单价\":20,\"数量\":1}]','[{\"商品名\":\"测试固始鹅块\",\"单价\":20,\"数量\":1}]',22.5,20.00,2.50,0.00,0.00,22.50,0.00,1,'测试地址','测试地址',32.17935400,115.68262200,NULL,NULL,'13800000000','测试用户','这是来自首页后门的一键测试订单',NULL,'1',NULL,'takeout','county','固始县',NULL,NULL,NULL,'2026-03-27 08:59:43',NULL,NULL,0.00,0.00,0.00,0.00,NULL,NULL,NULL,NULL,NULL,115.68262200,32.17935400),(85,'17745731861889664','17745731861889664',5,2,NULL,'[{\"商品名\":\"测试固始鹅块\",\"单价\":20,\"数量\":1}]','[{\"商品名\":\"测试固始鹅块\",\"单价\":20,\"数量\":1}]',22.5,20.00,2.50,0.00,0.00,22.50,0.00,1,'测试地址','测试地址',32.17935400,115.68262200,NULL,NULL,'13800000000','测试用户','这是来自首页后门的一键测试订单',NULL,'1',NULL,'takeout','county','固始县',NULL,NULL,NULL,'2026-03-27 08:59:46',NULL,NULL,0.00,0.00,0.00,0.00,NULL,NULL,NULL,NULL,NULL,115.68262200,32.17935400),(86,'17745732858650426','17745732858650426',3,1,NULL,'[]','[]',1,1.00,0.00,0.00,0.00,1.00,0.00,1,'固始县测试地址',NULL,NULL,NULL,NULL,NULL,'13700137000',NULL,NULL,NULL,'4',NULL,'takeout','county',NULL,NULL,NULL,NULL,'2026-03-27 09:01:25',NULL,NULL,0.00,0.00,0.00,0.00,NULL,NULL,NULL,115.68233000,32.18021000,115.65000000,32.15000000),(87,'17745742134582996','17745742134582996',3,1,NULL,'[]','[]',1,1.00,0.00,0.00,0.00,1.00,0.00,1,'固始县测试地址',NULL,NULL,NULL,NULL,NULL,'13700137000',NULL,NULL,NULL,'4',NULL,'takeout','county',NULL,NULL,NULL,NULL,'2026-03-27 09:16:53',NULL,NULL,0.00,0.00,0.00,0.00,NULL,NULL,NULL,115.68233000,32.18021000,115.65000000,32.15000000),(88,'17745743196203828','17745743196203828',5,2,NULL,'[{\"商品名\":\"测试固始鹅块\",\"单价\":20,\"数量\":1}]','[{\"商品名\":\"测试固始鹅块\",\"单价\":20,\"数量\":1}]',22.5,20.00,2.50,0.00,0.00,22.50,0.00,1,'测试地址','测试地址',32.17935400,115.68262200,NULL,NULL,'13800000000','测试用户','这是来自首页后门的一键测试订单',NULL,'1',NULL,'takeout','county','固始县',NULL,NULL,NULL,'2026-03-27 09:18:39',NULL,NULL,0.00,0.00,0.00,0.00,NULL,NULL,NULL,NULL,NULL,115.68262200,32.17935400),(89,'17745759628441168','17745759628441168',5,2,NULL,'[{\"商品名\":\"测试固始鹅块\",\"单价\":20,\"数量\":1}]','[{\"商品名\":\"测试固始鹅块\",\"单价\":20,\"数量\":1}]',22.5,20.00,2.50,0.00,0.00,22.50,0.00,1,'测试地址','测试地址',32.17935400,115.68262200,NULL,NULL,'13800000000','测试用户','这是来自首页后门的一键测试订单',NULL,'1',NULL,'takeout','county','固始县',NULL,NULL,NULL,'2026-03-27 09:46:02',NULL,NULL,0.00,0.00,0.00,0.00,NULL,NULL,NULL,NULL,NULL,115.68262200,32.17935400),(90,'17745763258160834','17745763258160834',5,2,NULL,'[{\"商品名\":\"测试固始鹅块\",\"单价\":20,\"数量\":1}]','[{\"商品名\":\"测试固始鹅块\",\"单价\":20,\"数量\":1}]',22.5,20.00,2.50,0.00,0.00,22.50,0.00,1,'测试地址','测试地址',32.17935400,115.68262200,NULL,NULL,'13800000000','测试用户','这是来自首页后门的一键测试订单',NULL,'1',NULL,'takeout','county','固始县',NULL,NULL,NULL,'2026-03-27 09:52:05',NULL,NULL,0.00,0.00,0.00,0.00,NULL,NULL,NULL,NULL,NULL,115.68262200,32.17935400),(91,'17745772656470702','17745772656470702',5,2,NULL,'[{\"商品名\":\"测试固始鹅块\",\"单价\":20,\"数量\":1}]','[{\"商品名\":\"测试固始鹅块\",\"单价\":20,\"数量\":1}]',22.5,20.00,2.50,0.00,0.00,22.50,0.00,1,'测试地址','测试地址',32.17935400,115.68262200,NULL,NULL,'13800000000','测试用户','这是来自首页后门的一键测试订单',NULL,'1',NULL,'takeout','county','固始县',NULL,NULL,NULL,'2026-03-27 10:07:45',NULL,NULL,0.00,0.00,0.00,0.00,NULL,NULL,NULL,NULL,NULL,115.68262200,32.17935400),(92,'17745795278677116','17745795278677116',3,1,NULL,'[]','[]',1,1.00,0.00,0.00,0.00,1.00,0.00,1,'固始县测试地址',NULL,NULL,NULL,NULL,NULL,'13700137000',NULL,NULL,NULL,'4',NULL,'takeout','county',NULL,NULL,NULL,NULL,'2026-03-27 10:45:27',NULL,NULL,0.00,0.00,0.00,0.00,NULL,NULL,NULL,115.68233000,32.18021000,115.65000000,32.15000000),(93,'17745795319088648','17745795319088648',5,2,NULL,'[{\"商品名\":\"测试固始鹅块\",\"单价\":20,\"数量\":1}]','[{\"商品名\":\"测试固始鹅块\",\"单价\":20,\"数量\":1}]',22.5,20.00,2.50,0.00,0.00,22.50,0.00,1,'测试地址','测试地址',32.17935400,115.68262200,NULL,NULL,'13800000000','测试用户','这是来自首页后门的一键测试订单',NULL,'1',NULL,'takeout','county','固始县',NULL,NULL,NULL,'2026-03-27 10:45:31',NULL,NULL,0.00,0.00,0.00,0.00,NULL,NULL,NULL,NULL,NULL,115.68262200,32.17935400),(94,'17745899514918792','17745899514918792',5,2,NULL,'[{\"商品名\":\"测试固始鹅块\",\"单价\":20,\"数量\":1}]','[{\"商品名\":\"测试固始鹅块\",\"单价\":20,\"数量\":1}]',22.5,20.00,2.50,0.00,0.00,22.50,0.00,1,'测试地址','测试地址',32.17935400,115.68262200,NULL,NULL,'13800000000','测试用户','这是来自首页后门的一键测试订单',NULL,'1',NULL,'takeout','county','固始县',NULL,NULL,NULL,'2026-03-27 13:39:11',NULL,NULL,0.00,0.00,0.00,0.00,NULL,NULL,NULL,NULL,NULL,115.68262200,32.17935400),(95,'17745899576314735','17745899576314735',5,2,NULL,'[{\"商品名\":\"测试固始鹅块\",\"单价\":20,\"数量\":1}]','[{\"商品名\":\"测试固始鹅块\",\"单价\":20,\"数量\":1}]',22.5,20.00,2.50,0.00,0.00,22.50,0.00,1,'测试地址','测试地址',32.17935400,115.68262200,NULL,NULL,'13800000000','测试用户','这是来自首页后门的一键测试订单',NULL,'1',NULL,'takeout','county','固始县',NULL,NULL,NULL,'2026-03-27 13:39:17',NULL,NULL,0.00,0.00,0.00,0.00,NULL,NULL,NULL,NULL,NULL,115.68262200,32.17935400),(96,'17745899577854698','17745899577854698',5,2,NULL,'[{\"商品名\":\"测试固始鹅块\",\"单价\":20,\"数量\":1}]','[{\"商品名\":\"测试固始鹅块\",\"单价\":20,\"数量\":1}]',22.5,20.00,2.50,0.00,0.00,22.50,0.00,1,'测试地址','测试地址',32.17935400,115.68262200,NULL,NULL,'13800000000','测试用户','这是来自首页后门的一键测试订单',NULL,'1',NULL,'takeout','county','固始县',NULL,NULL,NULL,'2026-03-27 13:39:17',NULL,NULL,0.00,0.00,0.00,0.00,NULL,NULL,NULL,NULL,NULL,115.68262200,32.17935400),(97,'17745899583228312','17745899583228312',5,2,NULL,'[{\"商品名\":\"测试固始鹅块\",\"单价\":20,\"数量\":1}]','[{\"商品名\":\"测试固始鹅块\",\"单价\":20,\"数量\":1}]',22.5,20.00,2.50,0.00,0.00,22.50,0.00,1,'测试地址','测试地址',32.17935400,115.68262200,NULL,NULL,'13800000000','测试用户','这是来自首页后门的一键测试订单',NULL,'1',NULL,'takeout','county','固始县',NULL,NULL,NULL,'2026-03-27 13:39:18',NULL,NULL,0.00,0.00,0.00,0.00,NULL,NULL,NULL,NULL,NULL,115.68262200,32.17935400),(98,'17745899584702881','17745899584702881',5,2,NULL,'[{\"商品名\":\"测试固始鹅块\",\"单价\":20,\"数量\":1}]','[{\"商品名\":\"测试固始鹅块\",\"单价\":20,\"数量\":1}]',22.5,20.00,2.50,0.00,0.00,22.50,0.00,1,'测试地址','测试地址',32.17935400,115.68262200,NULL,NULL,'13800000000','测试用户','这是来自首页后门的一键测试订单',NULL,'1',NULL,'takeout','county','固始县',NULL,NULL,NULL,'2026-03-27 13:39:18',NULL,NULL,0.00,0.00,0.00,0.00,NULL,NULL,NULL,NULL,NULL,115.68262200,32.17935400),(99,'17745899586169229','17745899586169229',5,2,NULL,'[{\"商品名\":\"测试固始鹅块\",\"单价\":20,\"数量\":1}]','[{\"商品名\":\"测试固始鹅块\",\"单价\":20,\"数量\":1}]',22.5,20.00,2.50,0.00,0.00,22.50,0.00,1,'测试地址','测试地址',32.17935400,115.68262200,NULL,NULL,'13800000000','测试用户','这是来自首页后门的一键测试订单',NULL,'1',NULL,'takeout','county','固始县',NULL,NULL,NULL,'2026-03-27 13:39:18',NULL,NULL,0.00,0.00,0.00,0.00,NULL,NULL,NULL,NULL,NULL,115.68262200,32.17935400),(100,'17745899593504054','17745899593504054',5,2,NULL,'[{\"商品名\":\"测试固始鹅块\",\"单价\":20,\"数量\":1}]','[{\"商品名\":\"测试固始鹅块\",\"单价\":20,\"数量\":1}]',22.5,20.00,2.50,0.00,0.00,22.50,0.00,1,'测试地址','测试地址',32.17935400,115.68262200,NULL,NULL,'13800000000','测试用户','这是来自首页后门的一键测试订单',NULL,'1',NULL,'takeout','county','固始县',NULL,NULL,NULL,'2026-03-27 13:39:19',NULL,NULL,0.00,0.00,0.00,0.00,NULL,NULL,NULL,NULL,NULL,115.68262200,32.17935400),(101,'17745900681967170','17745900681967170',5,2,NULL,'[{\"商品名\":\"测试固始鹅块\",\"单价\":20,\"数量\":1}]','[{\"商品名\":\"测试固始鹅块\",\"单价\":20,\"数量\":1}]',22.5,20.00,2.50,0.00,0.00,22.50,0.00,1,'测试地址','测试地址',32.17935400,115.68262200,NULL,NULL,'13800000000','测试用户','这是来自首页后门的一键测试订单',NULL,'1',NULL,'takeout','county','固始县',NULL,NULL,NULL,'2026-03-27 13:41:08',NULL,NULL,0.00,0.00,0.00,0.00,NULL,NULL,NULL,NULL,NULL,115.68262200,32.17935400),(102,'17745900755345370','17745900755345370',3,1,NULL,'[]','[]',1,1.00,0.00,0.00,0.00,1.00,0.00,1,'固始县测试地址',NULL,NULL,NULL,NULL,NULL,'13700137000',NULL,NULL,NULL,'4',NULL,'takeout','county',NULL,NULL,NULL,NULL,'2026-03-27 13:41:15',NULL,NULL,0.00,0.00,0.00,0.00,NULL,NULL,NULL,115.68233000,32.18021000,115.65000000,32.15000000),(103,'17745913365749367','17745913365749367',5,2,NULL,'[{\"商品名\":\"测试固始鹅块\",\"单价\":20,\"数量\":1}]','[{\"商品名\":\"测试固始鹅块\",\"单价\":20,\"数量\":1}]',22.5,20.00,2.50,0.00,0.00,22.50,0.00,1,'测试地址','测试地址',32.17935400,115.68262200,NULL,NULL,'13800000000','测试用户','这是来自首页后门的一键测试订单',NULL,'0',NULL,'takeout','county','固始县',NULL,NULL,NULL,'2026-03-27 14:02:16',NULL,NULL,0.00,0.00,0.00,0.00,NULL,NULL,NULL,NULL,NULL,115.68262200,32.17935400),(104,'17745915352867330','17745915352867330',5,2,NULL,'[{\"商品名\":\"测试固始鹅块\",\"单价\":20,\"数量\":1}]','[{\"商品名\":\"测试固始鹅块\",\"单价\":20,\"数量\":1}]',22.5,20.00,2.50,0.00,0.00,22.50,0.00,1,'测试地址','测试地址',32.17935400,115.68262200,NULL,NULL,'13800000000','测试用户','这是来自首页后门的一键测试订单',NULL,'0',NULL,'takeout','county','固始县',NULL,NULL,NULL,'2026-03-27 14:05:35',NULL,NULL,0.00,0.00,0.00,0.00,NULL,NULL,NULL,NULL,NULL,115.68262200,32.17935400),(105,'17745919504542409','17745919504542409',5,2,NULL,'[{\"商品名\":\"测试固始鹅块\",\"单价\":20,\"数量\":1}]','[{\"商品名\":\"测试固始鹅块\",\"单价\":20,\"数量\":1}]',22.5,20.00,2.50,0.00,0.00,22.50,0.00,1,'测试地址','测试地址',32.17935400,115.68262200,NULL,NULL,'13800000000','测试用户','这是来自首页后门的一键测试订单',NULL,'0',NULL,'takeout','county','固始县',NULL,NULL,NULL,'2026-03-27 14:12:30',NULL,NULL,0.00,0.00,0.00,0.00,NULL,NULL,NULL,NULL,NULL,115.68262200,32.17935400),(106,'17745942432800112','17745942432800112',5,2,NULL,'[{\"商品名\":\"测试固始鹅块\",\"单价\":20,\"数量\":1}]','[{\"商品名\":\"测试固始鹅块\",\"单价\":20,\"数量\":1}]',22.5,20.00,2.50,0.00,0.00,22.50,0.00,1,'测试地址','测试地址',32.17935400,115.68262200,NULL,NULL,'13800000000','测试用户','这是来自首页后门的一键测试订单',NULL,'0',NULL,'takeout','county','固始县',NULL,NULL,NULL,'2026-03-27 14:50:43',NULL,NULL,0.00,0.00,0.00,0.00,NULL,NULL,NULL,NULL,NULL,115.68262200,32.17935400),(107,'17745955072783667','17745955072783667',5,2,NULL,'[{\"商品名\":\"测试固始鹅块\",\"单价\":20,\"数量\":1}]','[{\"商品名\":\"测试固始鹅块\",\"单价\":20,\"数量\":1}]',22.5,20.00,2.50,0.00,0.00,22.50,0.00,1,'测试地址','测试地址',32.17935400,115.68262200,NULL,NULL,'13800000000','测试用户','这是来自首页后门的一键测试订单',NULL,'0',NULL,'takeout','county','固始县',NULL,NULL,NULL,'2026-03-27 15:11:47',NULL,NULL,0.00,0.00,0.00,0.00,NULL,NULL,NULL,NULL,NULL,115.68262200,32.17935400),(108,'17745955126702011','17745955126702011',5,2,NULL,'[{\"商品名\":\"测试固始鹅块\",\"单价\":20,\"数量\":1}]','[{\"商品名\":\"测试固始鹅块\",\"单价\":20,\"数量\":1}]',22.5,20.00,2.50,0.00,0.00,22.50,0.00,1,'测试地址','测试地址',32.17935400,115.68262200,NULL,NULL,'13800000000','测试用户','这是来自首页后门的一键测试订单',NULL,'0',NULL,'takeout','county','固始县',NULL,NULL,NULL,'2026-03-27 15:11:52',NULL,NULL,0.00,0.00,0.00,0.00,NULL,NULL,NULL,NULL,NULL,115.68262200,32.17935400),(109,'17745960901370410','17745960901370410',5,2,NULL,'[{\"商品名\":\"测试固始鹅块\",\"单价\":20,\"数量\":1}]','[{\"商品名\":\"测试固始鹅块\",\"单价\":20,\"数量\":1}]',22.5,20.00,2.50,0.00,0.00,22.50,0.00,1,'测试地址','测试地址',32.17935400,115.68262200,NULL,NULL,'13800000000','测试用户','这是来自首页后门的一键测试订单',NULL,'0',NULL,'takeout','county','固始县',NULL,NULL,NULL,'2026-03-27 15:21:30',NULL,NULL,0.00,0.00,0.00,0.00,NULL,NULL,NULL,NULL,NULL,115.68262200,32.17935400),(110,'17745966928082161','17745966928082161',5,2,NULL,'[{\"商品名\":\"测试固始鹅块\",\"单价\":20,\"数量\":1}]','[{\"商品名\":\"测试固始鹅块\",\"单价\":20,\"数量\":1}]',22.5,20.00,2.50,0.00,0.00,22.50,0.00,1,'测试地址','测试地址',32.17935400,115.68262200,NULL,NULL,'13800000000','测试用户','这是来自首页后门的一键测试订单',NULL,'2',NULL,'takeout','county','固始县',NULL,NULL,NULL,'2026-03-27 15:31:32',NULL,NULL,0.00,0.00,0.00,0.00,NULL,'2026-03-27 15:31:42',NULL,115.68112300,32.18123400,115.68262200,32.17935400),(111,'17745967066655579','17745967066655579',3,1,NULL,'[]','[]',1,1.00,0.00,0.00,0.00,1.00,0.00,1,'固始县测试地址',NULL,NULL,NULL,NULL,NULL,'13700137000',NULL,NULL,NULL,'4',NULL,'takeout','county',NULL,NULL,NULL,NULL,'2026-03-27 15:31:46',NULL,NULL,0.00,0.00,0.00,0.00,NULL,NULL,NULL,115.68233000,32.18021000,115.65000000,32.15000000),(112,'17745967684110404','17745967684110404',5,2,NULL,'[{\"商品名\":\"测试固始鹅块\",\"单价\":20,\"数量\":1}]','[{\"商品名\":\"测试固始鹅块\",\"单价\":20,\"数量\":1}]',22.5,20.00,2.50,0.00,0.00,22.50,0.00,1,'测试地址','测试地址',32.17935400,115.68262200,NULL,NULL,'13800000000','测试用户','这是来自首页后门的一键测试订单',NULL,'2',NULL,'takeout','county','固始县',NULL,NULL,NULL,'2026-03-27 15:32:48',NULL,NULL,0.00,0.00,0.00,0.00,NULL,'2026-03-27 15:32:53',NULL,115.68112300,32.18123400,115.68262200,32.17935400),(113,'17745967766203592','17745967766203592',3,1,NULL,'[]','[]',1,1.00,0.00,0.00,0.00,1.00,0.00,1,'固始县测试地址',NULL,NULL,NULL,NULL,NULL,'13700137000',NULL,NULL,NULL,'4',NULL,'takeout','county',NULL,NULL,NULL,NULL,'2026-03-27 15:32:56',NULL,NULL,0.00,0.00,0.00,0.00,NULL,NULL,NULL,115.68233000,32.18021000,115.65000000,32.15000000),(114,'17745982174742316','17745982174742316',5,2,NULL,'[{\"商品名\":\"测试固始鹅块\",\"单价\":20,\"数量\":1}]','[{\"商品名\":\"测试固始鹅块\",\"单价\":20,\"数量\":1}]',22.5,20.00,2.50,0.00,0.00,22.50,0.00,1,'测试地址','测试地址',32.17935400,115.68262200,NULL,NULL,'13800000000','测试用户','这是来自首页后门的一键测试订单',NULL,'2',NULL,'takeout','county','固始县',NULL,NULL,NULL,'2026-03-27 15:56:57',NULL,NULL,0.00,0.00,0.00,0.00,NULL,'2026-03-27 15:57:07',NULL,115.68112300,32.18123400,115.68262200,32.17935400),(115,'17745982294555748','17745982294555748',3,1,NULL,'[]','[]',1,1.00,0.00,0.00,0.00,1.00,0.00,1,'固始县测试地址',NULL,NULL,NULL,NULL,NULL,'13700137000',NULL,NULL,NULL,'4',NULL,'takeout','county',NULL,NULL,NULL,NULL,'2026-03-27 15:57:09',NULL,NULL,0.00,0.00,0.00,0.00,NULL,NULL,NULL,115.68233000,32.18021000,115.65000000,32.15000000),(116,'17745984151787079','17745984151787079',5,2,NULL,'[{\"商品名\":\"测试固始鹅块\",\"单价\":20,\"数量\":1}]','[{\"商品名\":\"测试固始鹅块\",\"单价\":20,\"数量\":1}]',22.5,20.00,2.50,0.00,0.00,22.50,0.00,1,'测试地址','测试地址',32.17935400,115.68262200,NULL,NULL,'13800000000','测试用户','这是来自首页后门的一键测试订单',NULL,'2',NULL,'takeout','county','固始县',NULL,NULL,NULL,'2026-03-27 16:00:15',NULL,NULL,0.00,0.00,0.00,0.00,NULL,'2026-03-27 16:00:22',NULL,115.68112300,32.18123400,115.68262200,32.17935400),(117,'17745984238354688','17745984238354688',3,1,NULL,'[]','[]',1,1.00,0.00,0.00,0.00,1.00,0.00,1,'固始县测试地址',NULL,NULL,NULL,NULL,NULL,'13700137000',NULL,NULL,NULL,'4',NULL,'takeout','county',NULL,NULL,NULL,NULL,'2026-03-27 16:00:23',NULL,NULL,0.00,0.00,0.00,0.00,NULL,NULL,NULL,115.68233000,32.18021000,115.65000000,32.15000000),(118,'17745990460090774','17745990460090774',5,2,NULL,'[{\"商品名\":\"测试固始鹅块\",\"单价\":20,\"数量\":1}]','[{\"商品名\":\"测试固始鹅块\",\"单价\":20,\"数量\":1}]',22.5,20.00,2.50,0.00,0.00,22.50,0.00,1,'测试地址','测试地址',32.17935400,115.68262200,NULL,NULL,'13800000000','测试用户','这是来自首页后门的一键测试订单',NULL,'2',NULL,'takeout','county','固始县',NULL,NULL,NULL,'2026-03-27 16:10:46',NULL,NULL,0.00,0.00,0.00,0.00,NULL,'2026-03-27 16:10:54',NULL,115.68112300,32.18123400,115.68262200,32.17935400),(119,'17745990564806395','17745990564806395',3,1,NULL,'[]','[]',1,1.00,0.00,0.00,0.00,1.00,0.00,1,'固始县测试地址',NULL,NULL,NULL,NULL,NULL,'13700137000',NULL,NULL,NULL,'4',NULL,'takeout','county',NULL,NULL,NULL,NULL,'2026-03-27 16:10:56',NULL,NULL,0.00,0.00,0.00,0.00,NULL,NULL,NULL,115.68233000,32.18021000,115.65000000,32.15000000),(120,'17746012564667842','17746012564667842',5,2,NULL,'[{\"商品名\":\"测试固始鹅块\",\"单价\":20,\"数量\":1}]','[{\"商品名\":\"测试固始鹅块\",\"单价\":20,\"数量\":1}]',22.5,20.00,2.50,0.00,0.00,22.50,0.00,1,'测试地址','测试地址',32.17935400,115.68262200,NULL,NULL,'13800000000','测试用户','这是来自首页后门的一键测试订单',NULL,'0',NULL,'takeout','county','固始县',NULL,NULL,NULL,'2026-03-27 16:47:36',NULL,NULL,0.00,0.00,0.00,0.00,NULL,NULL,NULL,NULL,NULL,115.68262200,32.17935400),(121,'17746012567294247','17746012567294247',5,2,NULL,'[{\"商品名\":\"测试固始鹅块\",\"单价\":20,\"数量\":1}]','[{\"商品名\":\"测试固始鹅块\",\"单价\":20,\"数量\":1}]',22.5,20.00,2.50,0.00,0.00,22.50,0.00,1,'测试地址','测试地址',32.17935400,115.68262200,NULL,NULL,'13800000000','测试用户','这是来自首页后门的一键测试订单',NULL,'2',NULL,'takeout','county','固始县',NULL,NULL,NULL,'2026-03-27 16:47:36',NULL,NULL,0.00,0.00,0.00,0.00,NULL,'2026-03-27 16:47:42',NULL,115.68112300,32.18123400,115.68262200,32.17935400),(122,'17746012647624797','17746012647624797',3,1,NULL,'[]','[]',1,1.00,0.00,0.00,0.00,1.00,0.00,1,'固始县测试地址',NULL,NULL,NULL,NULL,NULL,'13700137000',NULL,NULL,NULL,'4',NULL,'takeout','county',NULL,NULL,NULL,NULL,'2026-03-27 16:47:44',NULL,NULL,0.00,0.00,0.00,0.00,NULL,NULL,NULL,115.68233000,32.18021000,115.65000000,32.15000000),(123,'17746027732028713','17746027732028713',5,2,NULL,'[{\"商品名\":\"测试固始鹅块\",\"单价\":20,\"数量\":1}]','[{\"商品名\":\"测试固始鹅块\",\"单价\":20,\"数量\":1}]',22.5,20.00,2.50,0.00,0.00,22.50,0.00,1,'测试地址','测试地址',32.17935400,115.68262200,NULL,NULL,'13800000000','测试用户','这是来自首页后门的一键测试订单',NULL,'2',NULL,'takeout','county','固始县',NULL,NULL,NULL,'2026-03-27 17:12:53',NULL,NULL,0.00,0.00,0.00,0.00,NULL,'2026-03-27 17:13:00',NULL,115.68112300,32.18123400,115.68262200,32.17935400),(124,'17746027819350516','17746027819350516',3,1,NULL,'[]','[]',1,1.00,0.00,0.00,0.00,1.00,0.00,1,'固始县测试地址',NULL,NULL,NULL,NULL,NULL,'13700137000',NULL,NULL,NULL,'4',NULL,'takeout','county',NULL,NULL,NULL,NULL,'2026-03-27 17:13:01',NULL,NULL,0.00,0.00,0.00,0.00,NULL,NULL,NULL,115.68233000,32.18021000,115.65000000,32.15000000),(125,'17746046427536148','17746046427536148',5,2,NULL,'[{\"商品名\":\"测试固始鹅块\",\"单价\":20,\"数量\":1}]','[{\"商品名\":\"测试固始鹅块\",\"单价\":20,\"数量\":1}]',22.5,20.00,2.50,0.00,0.00,22.50,0.00,1,'测试地址','测试地址',32.17935400,115.68262200,NULL,NULL,'13800000000','测试用户','这是来自首页后门的一键测试订单',NULL,'2',NULL,'takeout','county','固始县',NULL,NULL,NULL,'2026-03-27 17:44:02',NULL,NULL,0.00,0.00,0.00,0.00,NULL,'2026-03-27 17:44:09',NULL,115.68112300,32.18123400,115.68262200,32.17935400),(126,'17746046509021520','17746046509021520',3,1,NULL,'[]','[]',1,1.00,0.00,0.00,0.00,1.00,0.00,1,'固始县测试地址',NULL,NULL,NULL,NULL,NULL,'13700137000',NULL,NULL,NULL,'4',NULL,'takeout','county',NULL,NULL,NULL,NULL,'2026-03-27 17:44:10',NULL,NULL,0.00,0.00,0.00,0.00,NULL,NULL,NULL,115.68233000,32.18021000,115.65000000,32.15000000),(127,'17746047381098289','17746047381098289',3,1,NULL,'[]','[]',1,1.00,0.00,0.00,0.00,1.00,0.00,1,'固始县测试地址',NULL,NULL,NULL,NULL,NULL,'13700137000',NULL,NULL,NULL,'4',NULL,'takeout','county',NULL,NULL,NULL,NULL,'2026-03-27 17:45:38',NULL,NULL,0.00,0.00,0.00,0.00,NULL,NULL,NULL,115.68233000,32.18021000,115.65000000,32.15000000),(128,'17746049514814490','17746049514814490',5,2,NULL,'[{\"商品名\":\"测试固始鹅块\",\"单价\":20,\"数量\":1}]','[{\"商品名\":\"测试固始鹅块\",\"单价\":20,\"数量\":1}]',22.5,20.00,2.50,0.00,0.00,22.50,0.00,1,'测试地址','测试地址',32.17935400,115.68262200,NULL,NULL,'13800000000','测试用户','这是来自首页后门的一键测试订单',NULL,'2',NULL,'takeout','county','固始县',NULL,NULL,NULL,'2026-03-27 17:49:11',NULL,NULL,0.00,0.00,0.00,0.00,NULL,'2026-03-27 17:49:20',NULL,115.68112300,32.18123400,115.68262200,32.17935400),(129,'17746049619951778','17746049619951778',3,1,NULL,'[]','[]',1,1.00,0.00,0.00,0.00,1.00,0.00,1,'固始县测试地址',NULL,NULL,NULL,NULL,NULL,'13700137000',NULL,NULL,NULL,'4',NULL,'takeout','county',NULL,NULL,NULL,NULL,'2026-03-27 17:49:21',NULL,NULL,0.00,0.00,0.00,0.00,NULL,NULL,NULL,115.68233000,32.18021000,115.65000000,32.15000000),(130,'17746054155526201','17746054155526201',5,2,NULL,'[{\"商品名\":\"测试固始鹅块\",\"单价\":20,\"数量\":1}]','[{\"商品名\":\"测试固始鹅块\",\"单价\":20,\"数量\":1}]',22.5,20.00,2.50,0.00,0.00,22.50,0.00,1,'测试地址','测试地址',32.17935400,115.68262200,NULL,NULL,'13800000000','测试用户','这是来自首页后门的一键测试订单',NULL,'2',NULL,'takeout','county','固始县',NULL,NULL,NULL,'2026-03-27 17:56:55',NULL,NULL,0.00,0.00,0.00,0.00,NULL,'2026-03-27 17:57:02',NULL,115.68112300,32.18123400,115.68262200,32.17935400),(131,'17746054235789161','17746054235789161',3,1,NULL,'[]','[]',1,1.00,0.00,0.00,0.00,1.00,0.00,1,'固始县测试地址',NULL,NULL,NULL,NULL,NULL,'13700137000',NULL,NULL,NULL,'4',NULL,'takeout','county',NULL,NULL,NULL,NULL,'2026-03-27 17:57:03',NULL,NULL,0.00,0.00,0.00,0.00,NULL,NULL,NULL,115.68233000,32.18021000,115.65000000,32.15000000),(132,'17746062208066889','17746062208066889',3,1,NULL,'[]','[]',1,1.00,0.00,0.00,0.00,1.00,0.00,1,'固始县测试地址',NULL,NULL,NULL,NULL,NULL,'13700137000',NULL,NULL,NULL,'4',NULL,'takeout','county',NULL,NULL,NULL,NULL,'2026-03-27 18:10:20',NULL,NULL,0.00,0.00,0.00,0.00,NULL,NULL,NULL,115.68233000,32.18021000,115.65000000,32.15000000),(133,'17746081213514538','17746081213514538',3,1,NULL,'[]','[]',1,1.00,0.00,0.00,0.00,1.00,0.00,1,'固始县测试地址',NULL,NULL,NULL,NULL,NULL,'13700137000',NULL,NULL,NULL,'4',NULL,'takeout','county',NULL,NULL,NULL,NULL,'2026-03-27 18:42:01',NULL,NULL,0.00,0.00,0.00,0.00,NULL,NULL,NULL,115.68233000,32.18021000,115.65000000,32.15000000),(134,'17746088323974336','17746088323974336',5,2,NULL,'[{\"商品名\":\"测试固始鹅块\",\"单价\":20,\"数量\":1}]','[{\"商品名\":\"测试固始鹅块\",\"单价\":20,\"数量\":1}]',22.5,20.00,2.50,0.00,0.00,22.50,0.00,1,'测试地址','测试地址',32.17935400,115.68262200,NULL,NULL,'13800000000','测试用户','这是来自首页后门的一键测试订单',NULL,'2',NULL,'takeout','county','固始县',NULL,NULL,NULL,'2026-03-27 18:53:52',NULL,NULL,0.00,0.00,0.00,0.00,NULL,'2026-03-27 18:53:56',NULL,115.68112300,32.18123400,115.68262200,32.17935400),(135,'17746088380720814','17746088380720814',3,1,NULL,'[]','[]',1,1.00,0.00,0.00,0.00,1.00,0.00,1,'固始县测试地址',NULL,NULL,NULL,NULL,NULL,'13700137000',NULL,NULL,NULL,'4',NULL,'takeout','county',NULL,NULL,NULL,NULL,'2026-03-27 18:53:58',NULL,NULL,0.00,0.00,0.00,0.00,NULL,NULL,NULL,115.68233000,32.18021000,115.65000000,32.15000000),(136,'17746093875915592','17746093875915592',5,2,NULL,'[{\"商品名\":\"测试固始鹅块\",\"单价\":20,\"数量\":1}]','[{\"商品名\":\"测试固始鹅块\",\"单价\":20,\"数量\":1}]',22.5,20.00,2.50,0.00,0.00,22.50,0.00,1,'测试地址','测试地址',32.17935400,115.68262200,NULL,NULL,'13800000000','测试用户','这是来自首页后门的一键测试订单',NULL,'2',NULL,'takeout','county','固始县',NULL,NULL,NULL,'2026-03-27 19:03:07',NULL,NULL,0.00,0.00,0.00,0.00,NULL,'2026-03-27 19:03:13',NULL,115.68112300,32.18123400,115.68262200,32.17935400),(137,'17746093946738080','17746093946738080',3,1,NULL,'[]','[]',1,1.00,0.00,0.00,0.00,1.00,0.00,1,'固始县测试地址',NULL,NULL,NULL,NULL,NULL,'13700137000',NULL,NULL,NULL,'4',NULL,'takeout','county',NULL,NULL,NULL,NULL,'2026-03-27 19:03:14',NULL,NULL,0.00,0.00,0.00,0.00,NULL,NULL,NULL,115.68233000,32.18021000,115.65000000,32.15000000),(138,'17746098380271483','17746098380271483',5,2,NULL,'[{\"商品名\":\"测试固始鹅块\",\"单价\":20,\"数量\":1}]','[{\"商品名\":\"测试固始鹅块\",\"单价\":20,\"数量\":1}]',22.5,20.00,2.50,0.00,0.00,22.50,0.00,1,'测试地址','测试地址',32.17935400,115.68262200,NULL,NULL,'13800000000','测试用户','这是来自首页后门的一键测试订单',NULL,'2',NULL,'takeout','county','固始县',NULL,NULL,NULL,'2026-03-27 19:10:38',NULL,NULL,0.00,0.00,0.00,0.00,NULL,'2026-03-27 19:10:48',NULL,115.68112300,32.18123400,115.68262200,32.17935400),(139,'17746098499655365','17746098499655365',3,1,NULL,'[]','[]',1,1.00,0.00,0.00,0.00,1.00,0.00,1,'固始县测试地址',NULL,NULL,NULL,NULL,NULL,'13700137000',NULL,NULL,NULL,'4',NULL,'takeout','county',NULL,NULL,NULL,NULL,'2026-03-27 19:10:49',NULL,NULL,0.00,0.00,0.00,0.00,NULL,NULL,NULL,115.68233000,32.18021000,115.65000000,32.15000000),(140,'17746117113723236','17746117113723236',5,2,NULL,'[{\"商品名\":\"测试固始鹅块\",\"单价\":20,\"数量\":1}]','[{\"商品名\":\"测试固始鹅块\",\"单价\":20,\"数量\":1}]',22.5,20.00,2.50,0.00,0.00,22.50,0.00,1,'测试地址','测试地址',32.17935400,115.68262200,NULL,NULL,'13800000000','测试用户','这是来自首页后门的一键测试订单',NULL,'2',NULL,'takeout','county','固始县',NULL,NULL,NULL,'2026-03-27 19:41:51',NULL,NULL,0.00,0.00,0.00,0.00,NULL,'2026-03-27 19:41:57',NULL,115.68112300,32.18123400,115.68262200,32.17935400),(141,'17746117193594427','17746117193594427',3,1,NULL,'[]','[]',1,1.00,0.00,0.00,0.00,1.00,0.00,1,'固始县测试地址',NULL,NULL,NULL,NULL,NULL,'13700137000',NULL,NULL,NULL,'4',NULL,'takeout','county',NULL,NULL,NULL,NULL,'2026-03-27 19:41:59',NULL,NULL,0.00,0.00,0.00,0.00,NULL,NULL,NULL,115.68233000,32.18021000,115.65000000,32.15000000),(142,'17746121721574313','17746121721574313',5,2,NULL,'[{\"商品名\":\"测试固始鹅块\",\"单价\":20,\"数量\":1}]','[{\"商品名\":\"测试固始鹅块\",\"单价\":20,\"数量\":1}]',22.5,20.00,2.50,0.00,0.00,22.50,0.00,1,'测试地址','测试地址',32.17935400,115.68262200,NULL,NULL,'13800000000','测试用户','这是来自首页后门的一键测试订单',NULL,'2',NULL,'takeout','county','固始县',NULL,NULL,NULL,'2026-03-27 19:49:32',NULL,NULL,0.00,0.00,0.00,0.00,NULL,'2026-03-27 19:49:37',NULL,115.68112300,32.18123400,115.68262200,32.17935400),(143,'17746124633321813','17746124633321813',5,2,NULL,'[{\"商品名\":\"测试固始鹅块\",\"单价\":20,\"数量\":1}]','[{\"商品名\":\"测试固始鹅块\",\"单价\":20,\"数量\":1}]',22.5,20.00,2.50,0.00,0.00,22.50,0.00,1,'测试地址','测试地址',32.17935400,115.68262200,NULL,NULL,'13800000000','测试用户','这是来自首页后门的一键测试订单',NULL,'2',NULL,'takeout','county','固始县',NULL,NULL,NULL,'2026-03-27 19:54:23',NULL,NULL,0.00,0.00,0.00,0.00,NULL,'2026-03-27 19:54:34',NULL,115.68112300,32.18123400,115.68262200,32.17935400),(144,'17746124762000738','17746124762000738',3,1,NULL,'[]','[]',1,1.00,0.00,0.00,0.00,1.00,0.00,1,'固始县测试地址',NULL,NULL,NULL,NULL,NULL,'13700137000',NULL,NULL,NULL,'4',NULL,'takeout','county',NULL,NULL,NULL,NULL,'2026-03-27 19:54:36',NULL,NULL,0.00,0.00,0.00,0.00,NULL,NULL,NULL,115.68233000,32.18021000,115.65000000,32.15000000),(145,'17746127801580748','17746127801580748',3,1,NULL,'[]','[]',1,1.00,0.00,0.00,0.00,1.00,0.00,1,'固始县测试地址',NULL,NULL,NULL,NULL,NULL,'13700137000',NULL,NULL,NULL,'4',NULL,'takeout','county',NULL,NULL,NULL,NULL,'2026-03-27 19:59:40',NULL,NULL,0.00,0.00,0.00,0.00,NULL,NULL,NULL,115.68233000,32.18021000,115.65000000,32.15000000),(146,'17746129848433197','17746129848433197',5,2,NULL,'[{\"商品名\":\"测试固始鹅块\",\"单价\":20,\"数量\":1}]','[{\"商品名\":\"测试固始鹅块\",\"单价\":20,\"数量\":1}]',22.5,20.00,2.50,0.00,0.00,22.50,0.00,1,'测试地址','测试地址',32.17935400,115.68262200,NULL,NULL,'13800000000','测试用户','这是来自首页后门的一键测试订单',NULL,'2',NULL,'takeout','county','固始县',NULL,NULL,NULL,'2026-03-27 20:03:04',NULL,NULL,0.00,0.00,0.00,0.00,NULL,'2026-03-27 20:03:09',NULL,115.68112300,32.18123400,115.68262200,32.17935400),(147,'17746129916841326','17746129916841326',3,1,NULL,'[]','[]',1,1.00,0.00,0.00,0.00,1.00,0.00,1,'固始县测试地址',NULL,NULL,NULL,NULL,NULL,'13700137000',NULL,NULL,NULL,'4',NULL,'takeout','county',NULL,NULL,NULL,NULL,'2026-03-27 20:03:11',NULL,NULL,0.00,0.00,0.00,0.00,NULL,NULL,NULL,115.68233000,32.18021000,115.65000000,32.15000000),(148,'17746710955874591','17746710955874591',5,2,NULL,'[{\"商品名\":\"测试固始鹅块\",\"单价\":20,\"数量\":1}]','[{\"商品名\":\"测试固始鹅块\",\"单价\":20,\"数量\":1}]',22.5,20.00,2.50,0.00,0.00,22.50,0.00,1,'测试地址','测试地址',32.17935400,115.68262200,NULL,NULL,'13800000000','测试用户','这是来自首页后门的一键测试订单',NULL,'0',NULL,'takeout','county','固始县',NULL,NULL,NULL,'2026-03-28 12:11:35',NULL,NULL,0.00,0.00,0.00,0.00,NULL,NULL,NULL,115.68112300,32.18123400,115.68262200,32.17935400),(149,'17746711000065112','17746711000065112',5,2,NULL,'[{\"商品名\":\"测试固始鹅块\",\"单价\":20,\"数量\":1}]','[{\"商品名\":\"测试固始鹅块\",\"单价\":20,\"数量\":1}]',22.5,20.00,2.50,0.00,0.00,22.50,0.00,1,'测试地址','测试地址',32.17935400,115.68262200,NULL,NULL,'13800000000','测试用户','这是来自首页后门的一键测试订单',NULL,'0',NULL,'takeout','county','固始县',NULL,NULL,NULL,'2026-03-28 12:11:40',NULL,NULL,0.00,0.00,0.00,0.00,NULL,NULL,NULL,115.68112300,32.18123400,115.68262200,32.17935400),(150,'17746711049616888','17746711049616888',5,2,NULL,'[{\"商品名\":\"测试固始鹅块\",\"单价\":20,\"数量\":1}]','[{\"商品名\":\"测试固始鹅块\",\"单价\":20,\"数量\":1}]',22.5,20.00,2.50,0.00,0.00,22.50,0.00,1,'测试地址','测试地址',32.17935400,115.68262200,NULL,NULL,'13800000000','测试用户','这是来自首页后门的一键测试订单',NULL,'0',NULL,'takeout','county','固始县',NULL,NULL,NULL,'2026-03-28 12:11:44',NULL,NULL,0.00,0.00,0.00,0.00,NULL,NULL,NULL,115.68112300,32.18123400,115.68262200,32.17935400),(151,'17746711080883852','17746711080883852',3,1,NULL,'[]','[]',1,1.00,0.00,0.00,0.00,1.00,0.00,1,'固始县测试地址',NULL,NULL,NULL,NULL,NULL,'13700137000',NULL,NULL,NULL,'4',NULL,'takeout','county',NULL,NULL,NULL,NULL,'2026-03-28 12:11:48',NULL,NULL,0.00,0.00,0.00,0.00,NULL,NULL,NULL,115.68233000,32.18021000,115.65000000,32.15000000),(152,'17746723816107809','17746723816107809',5,2,NULL,'[{\"商品名\":\"测试固始鹅块\",\"单价\":20,\"数量\":1}]','[{\"商品名\":\"测试固始鹅块\",\"单价\":20,\"数量\":1}]',22.5,20.00,2.50,0.00,0.00,22.50,0.00,1,'测试地址','测试地址',32.17935400,115.68262200,NULL,NULL,'13800000000','测试用户','这是来自首页后门的一键测试订单',NULL,'2',NULL,'takeout','county','固始县',NULL,NULL,NULL,'2026-03-28 12:33:01',NULL,NULL,0.00,0.00,0.00,0.00,NULL,'2026-03-28 12:33:12',NULL,115.68112300,32.18123400,115.68262200,32.17935400),(153,'17746723958056182','17746723958056182',3,1,NULL,'[]','[]',1,1.00,0.00,0.00,0.00,1.00,0.00,1,'固始县测试地址',NULL,NULL,NULL,NULL,NULL,'13700137000',NULL,NULL,NULL,'4',NULL,'takeout','county',NULL,NULL,NULL,NULL,'2026-03-28 12:33:15',NULL,NULL,0.00,0.00,0.00,0.00,NULL,NULL,NULL,115.68233000,32.18021000,115.65000000,32.15000000),(154,'17746754663555846','17746754663555846',5,2,NULL,'[{\"商品名\":\"测试固始鹅块\",\"单价\":20,\"数量\":1}]','[{\"商品名\":\"测试固始鹅块\",\"单价\":20,\"数量\":1}]',22.5,20.00,2.50,0.00,0.00,22.50,0.00,1,'测试地址','测试地址',32.17935400,115.68262200,NULL,NULL,'13800000000','测试用户','这是来自首页后门的一键测试订单',NULL,'2',NULL,'takeout','county','固始县',NULL,NULL,NULL,'2026-03-28 13:24:26',NULL,NULL,0.00,0.00,0.00,0.00,NULL,'2026-03-28 13:24:32',NULL,115.68112300,32.18123400,115.68262200,32.17935400),(155,'17746754738940500','17746754738940500',3,1,NULL,'[]','[]',1,1.00,0.00,0.00,0.00,1.00,0.00,1,'固始县测试地址',NULL,NULL,NULL,NULL,NULL,'13700137000',NULL,NULL,NULL,'4',NULL,'takeout','county',NULL,NULL,NULL,NULL,'2026-03-28 13:24:33',NULL,NULL,0.00,0.00,0.00,0.00,NULL,NULL,NULL,115.68233000,32.18021000,115.65000000,32.15000000),(156,'17746760886251127','17746760886251127',5,2,NULL,'[{\"商品名\":\"测试固始鹅块\",\"单价\":20,\"数量\":1}]','[{\"商品名\":\"测试固始鹅块\",\"单价\":20,\"数量\":1}]',22.5,20.00,2.50,0.00,0.00,22.50,0.00,1,'测试地址','测试地址',32.17935400,115.68262200,NULL,NULL,'13800000000','测试用户','这是来自首页后门的一键测试订单',NULL,'2',NULL,'takeout','county','固始县',NULL,NULL,NULL,'2026-03-28 13:34:48',NULL,NULL,0.00,0.00,0.00,0.00,NULL,'2026-03-28 13:34:53',NULL,115.68112300,32.18123400,115.68262200,32.17935400),(157,'17746760964177306','17746760964177306',3,1,NULL,'[]','[]',1,1.00,0.00,0.00,0.00,1.00,0.00,1,'固始县测试地址',NULL,32.05000000,115.75000000,NULL,NULL,'13700137000',NULL,NULL,NULL,'4',NULL,'takeout','county',NULL,NULL,NULL,NULL,'2026-03-28 13:34:56',NULL,NULL,0.00,0.00,0.00,0.00,NULL,NULL,NULL,115.68330000,32.18330000,115.75000000,32.05000000);
/*!40000 ALTER TABLE `orders` ENABLE KEYS */;
UNLOCK TABLES;

--
-- Table structure for table `product_categories`
--

DROP TABLE IF EXISTS `product_categories`;
/*!40101 SET @saved_cs_client     = @@character_set_client */;
/*!50503 SET character_set_client = utf8mb4 */;
CREATE TABLE `product_categories` (
  `id` int NOT NULL AUTO_INCREMENT,
  `merchant_id` int NOT NULL COMMENT '所属商家 ID',
  `name` varchar(50) COLLATE utf8mb4_unicode_ci NOT NULL COMMENT '分类名称',
  `sort` int DEFAULT '0' COMMENT '排序',
  `created_at` datetime NOT NULL DEFAULT CURRENT_TIMESTAMP,
  `updated_at` datetime NOT NULL DEFAULT CURRENT_TIMESTAMP ON UPDATE CURRENT_TIMESTAMP,
  PRIMARY KEY (`id`),
  KEY `idx_merchant_id` (`merchant_id`),
  KEY `product_categories_merchant_id` (`merchant_id`)
) ENGINE=InnoDB DEFAULT CHARSET=utf8mb4 COLLATE=utf8mb4_unicode_ci COMMENT='商品分类表';
/*!40101 SET character_set_client = @saved_cs_client */;

--
-- Dumping data for table `product_categories`
--

LOCK TABLES `product_categories` WRITE;
/*!40000 ALTER TABLE `product_categories` DISABLE KEYS */;
/*!40000 ALTER TABLE `product_categories` ENABLE KEYS */;
UNLOCK TABLES;

--
-- Table structure for table `products`
--

DROP TABLE IF EXISTS `products`;
/*!40101 SET @saved_cs_client     = @@character_set_client */;
/*!50503 SET character_set_client = utf8mb4 */;
CREATE TABLE `products` (
  `id` int NOT NULL AUTO_INCREMENT,
  `merchant_id` int NOT NULL COMMENT '所属商家 ID',
  `category_id` int DEFAULT NULL COMMENT '分类 ID',
  `name` varchar(100) COLLATE utf8mb4_unicode_ci NOT NULL COMMENT '商品名称',
  `description` text COLLATE utf8mb4_unicode_ci COMMENT '商品描述',
  `images` text COLLATE utf8mb4_unicode_ci COMMENT '商品图片（JSON 数组）',
  `price` decimal(10,2) NOT NULL COMMENT '商品价格',
  `original_price` decimal(10,2) DEFAULT NULL COMMENT '原价',
  `stock` int DEFAULT '999' COMMENT '库存',
  `sales` int DEFAULT '0' COMMENT '销量',
  `status` int DEFAULT '1' COMMENT '状态：0-下架，1-上架',
  `sort` int DEFAULT '0' COMMENT '排序',
  `created_at` datetime NOT NULL DEFAULT CURRENT_TIMESTAMP,
  `updated_at` datetime NOT NULL DEFAULT CURRENT_TIMESTAMP ON UPDATE CURRENT_TIMESTAMP,
  PRIMARY KEY (`id`),
  KEY `idx_merchant_id` (`merchant_id`),
  KEY `idx_category_id` (`category_id`),
  KEY `idx_status` (`status`),
  KEY `products_merchant_id` (`merchant_id`),
  KEY `products_category_id` (`category_id`),
  KEY `products_status` (`status`)
) ENGINE=InnoDB AUTO_INCREMENT=4 DEFAULT CHARSET=utf8mb4 COLLATE=utf8mb4_unicode_ci COMMENT='商品表';
/*!40101 SET character_set_client = @saved_cs_client */;

--
-- Dumping data for table `products`
--

LOCK TABLES `products` WRITE;
/*!40000 ALTER TABLE `products` DISABLE KEYS */;
INSERT INTO `products` VALUES (1,3,NULL,'鸭腿饭',NULL,NULL,15.00,NULL,100,0,1,0,'2026-03-28 19:33:53','2026-03-28 19:33:53'),(2,3,NULL,'飘香拌面',NULL,NULL,8.00,NULL,100,0,1,0,'2026-03-28 19:33:53','2026-03-28 19:33:53'),(3,3,NULL,'乌鸡汤',NULL,NULL,12.00,NULL,100,0,1,0,'2026-03-28 19:33:53','2026-03-28 19:33:53');
/*!40000 ALTER TABLE `products` ENABLE KEYS */;
UNLOCK TABLES;

--
-- Table structure for table `tokens`
--

DROP TABLE IF EXISTS `tokens`;
/*!40101 SET @saved_cs_client     = @@character_set_client */;
/*!50503 SET character_set_client = utf8mb4 */;
CREATE TABLE `tokens` (
  `id` int NOT NULL AUTO_INCREMENT,
  `token` varchar(36) COLLATE utf8mb4_unicode_ci NOT NULL COMMENT 'UUID token',
  `phone` varchar(11) COLLATE utf8mb4_unicode_ci NOT NULL COMMENT '对应的手机号',
  `created_at` datetime DEFAULT (now()) COMMENT '登录时间',
  PRIMARY KEY (`id`),
  UNIQUE KEY `token` (`token`)
) ENGINE=InnoDB AUTO_INCREMENT=8 DEFAULT CHARSET=utf8mb4 COLLATE=utf8mb4_unicode_ci;
/*!40101 SET character_set_client = @saved_cs_client */;

--
-- Dumping data for table `tokens`
--

LOCK TABLES `tokens` WRITE;
/*!40000 ALTER TABLE `tokens` DISABLE KEYS */;
INSERT INTO `tokens` VALUES (1,'092e66d7-d8c1-4e7f-8056-6c69f2966d9d','13800001111','2026-03-06 10:34:01'),(2,'e9b6242c-fe9b-451d-a4cc-fb0174a98460','19903765957','2026-03-06 10:36:06'),(3,'f891b5f2-7771-4290-8b90-4fdddabd888f','18590332807','2026-03-06 10:46:53'),(4,'4d3189b7-352a-484d-b6d9-d63b31c90e34','13800000001','2026-03-06 18:45:32'),(5,'01d7c1f5-fdcd-4083-97aa-ef0f916820a4','16657352219','2026-03-06 19:53:09'),(6,'777929d0-81be-424c-a310-30e277122620','18590332807','2026-03-06 19:57:35'),(7,'ede0d40a-dd84-401c-9490-588d465953a6','18590332807','2026-03-06 20:01:36');
/*!40000 ALTER TABLE `tokens` ENABLE KEYS */;
UNLOCK TABLES;

--
-- Table structure for table `users`
--

DROP TABLE IF EXISTS `users`;
/*!40101 SET @saved_cs_client     = @@character_set_client */;
/*!50503 SET character_set_client = utf8mb4 */;
CREATE TABLE `users` (
  `id` int NOT NULL AUTO_INCREMENT,
  `phone` varchar(11) COLLATE utf8mb4_unicode_ci NOT NULL COMMENT '手机号',
  `password_hash` varchar(255) COLLATE utf8mb4_unicode_ci NOT NULL COMMENT '密码（加密存储）',
  `role` varchar(10) COLLATE utf8mb4_unicode_ci NOT NULL COMMENT '角色: user/shop/rider',
  `nickname` varchar(50) COLLATE utf8mb4_unicode_ci DEFAULT NULL COMMENT '昵称',
  `created_at` datetime DEFAULT (now()) COMMENT '注册时间',
  `avatar` varchar(255) COLLATE utf8mb4_unicode_ci DEFAULT NULL COMMENT '头像 URL',
  `status` int DEFAULT '1' COMMENT '状态：0-禁用，1-正常',
  `rider_status` int DEFAULT '0' COMMENT '骑手状态：0-休息，1-接单中',
  `rider_balance` decimal(10,2) DEFAULT '0.00' COMMENT '骑手余额',
  `rider_kind` enum('rider','stationmaster') COLLATE utf8mb4_unicode_ci DEFAULT 'rider' COMMENT '骑手类型：rider-普通骑手，stationmaster-乡镇站长',
  `rider_town` varchar(50) COLLATE utf8mb4_unicode_ci DEFAULT NULL COMMENT '所属乡镇（站长必填，用于乡镇外卖自动分配）',
  `rider_latitude` decimal(10,8) DEFAULT NULL COMMENT '骑手当前位置纬度',
  `rider_longitude` decimal(11,8) DEFAULT NULL COMMENT '骑手当前位置经度',
  `rider_location_updated_at` datetime DEFAULT NULL COMMENT '骑手位置更新时间',
  `balance` decimal(10,2) DEFAULT '0.00' COMMENT '用户/骑手通用余额',
  PRIMARY KEY (`id`),
  UNIQUE KEY `phone` (`phone`),
  KEY `users_phone` (`phone`),
  KEY `users_role` (`role`)
) ENGINE=InnoDB AUTO_INCREMENT=10 DEFAULT CHARSET=utf8mb4 COLLATE=utf8mb4_unicode_ci;
/*!40101 SET character_set_client = @saved_cs_client */;

--
-- Dumping data for table `users`
--

LOCK TABLES `users` WRITE;
/*!40000 ALTER TABLE `users` DISABLE KEYS */;
INSERT INTO `users` VALUES (2,'13800001111','$2b$12$5OJMW54Rir3JJ5ff.X4KSONh1CkB5SqRC6n2cZVqplyqCyjaQ5BBm','user','mysql_test','2026-03-06 10:33:59',NULL,1,0,0.00,'rider',NULL,NULL,NULL,NULL,0.00),(3,'19903765957','$2b$12$ZPRue2ZVx1aXhSujL4AJn.aex0UdZv/0epGtvTU51X9HQFAFY.QT2','user','哈哈','2026-03-06 10:36:04',NULL,1,0,0.00,'rider',NULL,NULL,NULL,NULL,0.00),(4,'18590332807','$2b$12$U4T4uUtf3QwkPsHOx6uUd.0CdsdodOUCq1iNohwLXsYgiEIQjabTe','merchant','哈哈','2026-03-06 10:46:51',NULL,1,0,0.00,'rider',NULL,NULL,NULL,NULL,0.00),(5,'13800000001','$2b$12$qTF0uzIjWaysLjzaEeVcqedarG.i4jndoPCrTzQWMirCczLmk6LEm','merchant','test_user','2026-03-06 18:45:29',NULL,1,0,0.00,'rider',NULL,NULL,NULL,NULL,0.00),(6,'16657352219','$2b$12$WCfntIlZe8mFrc39q2Mny.wyv3xDcYnPVmWR7rzd9QjXk1AyKr7LW','user','22','2026-03-06 19:53:04',NULL,1,0,0.00,'rider',NULL,NULL,NULL,NULL,0.00),(7,'18590332808','$2a$10$C1kOnHSXnMJquMfQ6R8MhOn6gSPq..nph0OTomoVG5Yd02gGB/Xyu','merchant','我','2026-03-26 15:38:54',NULL,1,0,0.00,'rider',NULL,NULL,NULL,NULL,0.00),(8,'13800000000','$2a$10$FZwNirWLk/tQS1aqBP2f9eWO/uwFolOpXBQXY3il7ATmEHIXBy0JW','merchant','沙县小吃老板','2026-03-28 19:32:17',NULL,1,0,0.00,'rider',NULL,NULL,NULL,NULL,0.00),(9,'13800002222','$2a$10$OGv3jITH7zhfLgQw95tAue6fDniIdBziuzwmR1S.FfAruPubTZh8m','rider','测试骑手','2026-03-29 16:55:14',NULL,1,1,0.00,'rider',NULL,32.12345600,115.12345600,'2026-03-29 16:56:24',0.00);
/*!40000 ALTER TABLE `users` ENABLE KEYS */;
UNLOCK TABLES;
/*!40103 SET TIME_ZONE=@OLD_TIME_ZONE */;

/*!40101 SET SQL_MODE=@OLD_SQL_MODE */;
/*!40014 SET FOREIGN_KEY_CHECKS=@OLD_FOREIGN_KEY_CHECKS */;
/*!40014 SET UNIQUE_CHECKS=@OLD_UNIQUE_CHECKS */;
/*!40101 SET CHARACTER_SET_CLIENT=@OLD_CHARACTER_SET_CLIENT */;
/*!40101 SET CHARACTER_SET_RESULTS=@OLD_CHARACTER_SET_RESULTS */;
/*!40101 SET COLLATION_CONNECTION=@OLD_COLLATION_CONNECTION */;
/*!40111 SET SQL_NOTES=@OLD_SQL_NOTES */;

-- Dump completed on 2026-03-31 20:38:45
